,FirstSemGrade,RollCall,Lab(P/A),Tutorial(P/A),Assignment(P/A),SecondSemGrade_Result
1,1,0,0,0,0,A
2,1,1,0,0,0,A
3,1,2,0,0,0,A
4,1,3,0,0,0,A
5,1,4,0,0,0,A
6,1,5,0,0,0,A
7,1,6,0,0,0,A
8,1,7,0,0,0,A
9,1,8,0,0,0,A
10,1,9,0,0,0,A
11,1,10,0,0,0,A
12,1,11,0,0,0,A
13,1,12,0,0,0,A
14,1,13,0,0,0,A
15,1,14,0,0,0,A
16,1,15,0,0,0,A
17,1,16,0,0,0,A
18,1,17,0,0,0,A
19,1,18,0,0,0,A
20,1,19,0,0,0,A
21,1,20,0,0,0,A
22,1,21,0,0,0,A
23,1,22,0,0,0,A
24,1,23,0,0,0,A
25,1,24,0,0,0,A
26,1,25,0,0,0,A
27,1,26,0,0,0,A
28,1,27,0,0,0,A
29,1,28,0,0,0,A
30,1,29,0,0,0,A
31,1,30,0,0,0,A
32,1,31,0,0,0,A
33,1,32,0,0,0,A
34,1,33,0,0,0,A
35,1,34,0,0,0,A
36,1,35,0,0,0,A
37,1,36,0,0,0,A
38,1,37,0,0,0,A
39,1,38,0,0,0,A
40,1,39,0,0,0,A
41,1,40,0,0,0,A
42,1,41,0,0,0,A
43,1,42,0,0,0,A
44,1,43,0,0,0,A
45,1,44,0,0,0,A
46,1,45,0,0,0,A
47,1,46,0,0,0,A
48,1,47,0,0,0,A
49,1,48,0,0,0,A
50,1,49,0,0,0,A
51,1,50,0,0,0,A
52,1,51,0,0,0,A
53,1,52,0,0,0,A
54,1,53,0,0,0,A
55,1,54,0,0,0,A
56,1,55,0,0,0,A
57,1,56,0,0,0,A
58,1,57,0,0,0,A
59,1,58,0,0,0,A
60,1,59,0,0,0,A
61,1,60,0,0,0,A
62,1,61,0,0,0,A
63,1,62,0,0,0,A
64,1,63,0,0,0,A
65,1,64,0,0,0,A
66,1,65,0,0,0,A
67,1,66,0,0,0,A
68,1,67,0,0,0,A
69,1,68,0,0,0,A
70,1,69,0,0,0,A
71,1,70,0,0,0,A
72,1,71,0,0,0,A
73,1,72,0,0,0,A
74,1,73,0,0,0,A
75,1,74,0,0,0,A
76,1,75,0,0,0,A
77,1,76,0,0,0,A
78,1,77,0,0,0,A
79,1,78,0,0,0,A
80,1,79,0,0,0,A
81,1,80,0,0,0,A
82,1,81,0,0,0,A
83,1,82,0,0,0,A
84,1,83,0,0,0,A
85,1,84,0,0,0,A
86,1,85,0,0,0,A
87,1,86,0,0,0,A
88,1,87,0,0,0,A
89,1,88,0,0,0,A
90,1,89,0,0,0,A
91,1,90,0,0,0,A
92,1,91,0,0,0,A
93,1,92,0,0,0,A
94,1,93,0,0,0,A
95,1,94,0,0,0,A
96,1,95,0,0,0,A
97,1,96,0,0,0,A
98,1,97,0,0,0,A
99,1,98,0,0,0,A
100,1,99,0,0,0,A
101,1,100,0,0,0,A
102,2,0,0,0,0,B
103,2,1,0,0,0,B
104,2,2,0,0,0,B
105,2,3,0,0,0,B
106,2,4,0,0,0,B
107,2,5,0,0,0,B
108,2,6,0,0,0,B
109,2,7,0,0,0,B
110,2,8,0,0,0,B
111,2,9,0,0,0,B
112,2,10,0,0,0,B
113,2,11,0,0,0,B
114,2,12,0,0,0,B
115,2,13,0,0,0,B
116,2,14,0,0,0,B
117,2,15,0,0,0,B
118,2,16,0,0,0,B
119,2,17,0,0,0,B
120,2,18,0,0,0,B
121,2,19,0,0,0,B
122,2,20,0,0,0,B
123,2,21,0,0,0,B
124,2,22,0,0,0,B
125,2,23,0,0,0,B
126,2,24,0,0,0,B
127,2,25,0,0,0,B
128,2,26,0,0,0,B
129,2,27,0,0,0,B
130,2,28,0,0,0,B
131,2,29,0,0,0,B
132,2,30,0,0,0,B
133,2,31,0,0,0,B
134,2,32,0,0,0,B
135,2,33,0,0,0,B
136,2,34,0,0,0,B
137,2,35,0,0,0,B
138,2,36,0,0,0,B
139,2,37,0,0,0,B
140,2,38,0,0,0,B
141,2,39,0,0,0,B
142,2,40,0,0,0,B
143,2,41,0,0,0,B
144,2,42,0,0,0,B
145,2,43,0,0,0,B
146,2,44,0,0,0,B
147,2,45,0,0,0,B
148,2,46,0,0,0,B
149,2,47,0,0,0,B
150,2,48,0,0,0,B
151,2,49,0,0,0,B
152,2,50,0,0,0,B
153,2,51,0,0,0,B
154,2,52,0,0,0,B
155,2,53,0,0,0,B
156,2,54,0,0,0,B
157,2,55,0,0,0,B
158,2,56,0,0,0,B
159,2,57,0,0,0,B
160,2,58,0,0,0,B
161,2,59,0,0,0,B
162,2,60,0,0,0,B
163,2,61,0,0,0,B
164,2,62,0,0,0,B
165,2,63,0,0,0,B
166,2,64,0,0,0,B
167,2,65,0,0,0,B
168,2,66,0,0,0,B
169,2,67,0,0,0,B
170,2,68,0,0,0,B
171,2,69,0,0,0,B
172,2,70,0,0,0,B
173,2,71,0,0,0,B
174,2,72,0,0,0,B
175,2,73,0,0,0,B
176,2,74,0,0,0,B
177,2,75,0,0,0,B
178,2,76,0,0,0,B
179,2,77,0,0,0,B
180,2,78,0,0,0,B
181,2,79,0,0,0,B
182,2,80,0,0,0,B
183,2,81,0,0,0,B
184,2,82,0,0,0,B
185,2,83,0,0,0,B
186,2,84,0,0,0,B
187,2,85,0,0,0,B
188,2,86,0,0,0,B
189,2,87,0,0,0,B
190,2,88,0,0,0,B
191,2,89,0,0,0,B
192,2,90,0,0,0,B
193,2,91,0,0,0,B
194,2,92,0,0,0,B
195,2,93,0,0,0,B
196,2,94,0,0,0,B
197,2,95,0,0,0,B
198,2,96,0,0,0,B
199,2,97,0,0,0,B
200,2,98,0,0,0,B
201,2,99,0,0,0,B
202,2,100,0,0,0,B
203,3,0,0,0,0,C
204,3,1,0,0,0,C
205,3,2,0,0,0,C
206,3,3,0,0,0,C
207,3,4,0,0,0,C
208,3,5,0,0,0,C
209,3,6,0,0,0,C
210,3,7,0,0,0,C
211,3,8,0,0,0,C
212,3,9,0,0,0,C
213,3,10,0,0,0,C
214,3,11,0,0,0,C
215,3,12,0,0,0,C
216,3,13,0,0,0,C
217,3,14,0,0,0,C
218,3,15,0,0,0,C
219,3,16,0,0,0,C
220,3,17,0,0,0,C
221,3,18,0,0,0,C
222,3,19,0,0,0,C
223,3,20,0,0,0,C
224,3,21,0,0,0,C
225,3,22,0,0,0,C
226,3,23,0,0,0,C
227,3,24,0,0,0,C
228,3,25,0,0,0,C
229,3,26,0,0,0,C
230,3,27,0,0,0,C
231,3,28,0,0,0,C
232,3,29,0,0,0,C
233,3,30,0,0,0,C
234,3,31,0,0,0,C
235,3,32,0,0,0,C
236,3,33,0,0,0,C
237,3,34,0,0,0,C
238,3,35,0,0,0,C
239,3,36,0,0,0,C
240,3,37,0,0,0,C
241,3,38,0,0,0,C
242,3,39,0,0,0,C
243,3,40,0,0,0,C
244,3,41,0,0,0,C
245,3,42,0,0,0,C
246,3,43,0,0,0,C
247,3,44,0,0,0,C
248,3,45,0,0,0,C
249,3,46,0,0,0,C
250,3,47,0,0,0,C
251,3,48,0,0,0,C
252,3,49,0,0,0,C
253,3,50,0,0,0,C
254,3,51,0,0,0,C
255,3,52,0,0,0,C
256,3,53,0,0,0,C
257,3,54,0,0,0,C
258,3,55,0,0,0,C
259,3,56,0,0,0,C
260,3,57,0,0,0,C
261,3,58,0,0,0,C
262,3,59,0,0,0,C
263,3,60,0,0,0,C
264,3,61,0,0,0,C
265,3,62,0,0,0,C
266,3,63,0,0,0,C
267,3,64,0,0,0,C
268,3,65,0,0,0,C
269,3,66,0,0,0,C
270,3,67,0,0,0,C
271,3,68,0,0,0,C
272,3,69,0,0,0,C
273,3,70,0,0,0,C
274,3,71,0,0,0,C
275,3,72,0,0,0,C
276,3,73,0,0,0,C
277,3,74,0,0,0,C
278,3,75,0,0,0,C
279,3,76,0,0,0,C
280,3,77,0,0,0,C
281,3,78,0,0,0,C
282,3,79,0,0,0,C
283,3,80,0,0,0,C
284,3,81,0,0,0,C
285,3,82,0,0,0,C
286,3,83,0,0,0,C
287,3,84,0,0,0,C
288,3,85,0,0,0,C
289,3,86,0,0,0,C
290,3,87,0,0,0,C
291,3,88,0,0,0,C
292,3,89,0,0,0,C
293,3,90,0,0,0,C
294,3,91,0,0,0,C
295,3,92,0,0,0,C
296,3,93,0,0,0,C
297,3,94,0,0,0,C
298,3,95,0,0,0,C
299,3,96,0,0,0,C
300,3,97,0,0,0,C
301,3,98,0,0,0,C
302,3,99,0,0,0,C
303,3,100,0,0,0,C
304,4,0,0,0,0,D
305,4,1,0,0,0,D
306,4,2,0,0,0,D
307,4,3,0,0,0,D
308,4,4,0,0,0,D
309,4,5,0,0,0,D
310,4,6,0,0,0,D
311,4,7,0,0,0,D
312,4,8,0,0,0,D
313,4,9,0,0,0,D
314,4,10,0,0,0,D
315,4,11,0,0,0,D
316,4,12,0,0,0,D
317,4,13,0,0,0,D
318,4,14,0,0,0,D
319,4,15,0,0,0,D
320,4,16,0,0,0,D
321,4,17,0,0,0,D
322,4,18,0,0,0,D
323,4,19,0,0,0,D
324,4,20,0,0,0,D
325,4,21,0,0,0,D
326,4,22,0,0,0,D
327,4,23,0,0,0,D
328,4,24,0,0,0,D
329,4,25,0,0,0,D
330,4,26,0,0,0,D
331,4,27,0,0,0,D
332,4,28,0,0,0,D
333,4,29,0,0,0,D
334,4,30,0,0,0,D
335,4,31,0,0,0,D
336,4,32,0,0,0,D
337,4,33,0,0,0,D
338,4,34,0,0,0,D
339,4,35,0,0,0,D
340,4,36,0,0,0,D
341,4,37,0,0,0,D
342,4,38,0,0,0,D
343,4,39,0,0,0,D
344,4,40,0,0,0,D
345,4,41,0,0,0,D
346,4,42,0,0,0,D
347,4,43,0,0,0,D
348,4,44,0,0,0,D
349,4,45,0,0,0,D
350,4,46,0,0,0,D
351,4,47,0,0,0,D
352,4,48,0,0,0,D
353,4,49,0,0,0,D
354,4,50,0,0,0,D
355,4,51,0,0,0,D
356,4,52,0,0,0,D
357,4,53,0,0,0,D
358,4,54,0,0,0,D
359,4,55,0,0,0,D
360,4,56,0,0,0,D
361,4,57,0,0,0,D
362,4,58,0,0,0,D
363,4,59,0,0,0,D
364,4,60,0,0,0,D
365,4,61,0,0,0,D
366,4,62,0,0,0,D
367,4,63,0,0,0,D
368,4,64,0,0,0,D
369,4,65,0,0,0,D
370,4,66,0,0,0,D
371,4,67,0,0,0,D
372,4,68,0,0,0,D
373,4,69,0,0,0,D
374,4,70,0,0,0,D
375,4,71,0,0,0,D
376,4,72,0,0,0,D
377,4,73,0,0,0,D
378,4,74,0,0,0,D
379,4,75,0,0,0,D
380,4,76,0,0,0,D
381,4,77,0,0,0,D
382,4,78,0,0,0,D
383,4,79,0,0,0,D
384,4,80,0,0,0,D
385,4,81,0,0,0,D
386,4,82,0,0,0,D
387,4,83,0,0,0,D
388,4,84,0,0,0,D
389,4,85,0,0,0,D
390,4,86,0,0,0,D
391,4,87,0,0,0,D
392,4,88,0,0,0,D
393,4,89,0,0,0,D
394,4,90,0,0,0,D
395,4,91,0,0,0,D
396,4,92,0,0,0,D
397,4,93,0,0,0,D
398,4,94,0,0,0,D
399,4,95,0,0,0,D
400,4,96,0,0,0,D
401,4,97,0,0,0,D
402,4,98,0,0,0,D
403,4,99,0,0,0,D
404,4,100,0,0,0,D
405,5,0,0,0,0,E
406,5,1,0,0,0,E
407,5,2,0,0,0,E
408,5,3,0,0,0,E
409,5,4,0,0,0,E
410,5,5,0,0,0,E
411,5,6,0,0,0,E
412,5,7,0,0,0,E
413,5,8,0,0,0,E
414,5,9,0,0,0,E
415,5,10,0,0,0,E
416,5,11,0,0,0,E
417,5,12,0,0,0,E
418,5,13,0,0,0,E
419,5,14,0,0,0,E
420,5,15,0,0,0,E
421,5,16,0,0,0,E
422,5,17,0,0,0,E
423,5,18,0,0,0,E
424,5,19,0,0,0,E
425,5,20,0,0,0,E
426,5,21,0,0,0,E
427,5,22,0,0,0,E
428,5,23,0,0,0,E
429,5,24,0,0,0,E
430,5,25,0,0,0,E
431,5,26,0,0,0,E
432,5,27,0,0,0,E
433,5,28,0,0,0,E
434,5,29,0,0,0,E
435,5,30,0,0,0,E
436,5,31,0,0,0,E
437,5,32,0,0,0,E
438,5,33,0,0,0,E
439,5,34,0,0,0,E
440,5,35,0,0,0,E
441,5,36,0,0,0,E
442,5,37,0,0,0,E
443,5,38,0,0,0,E
444,5,39,0,0,0,E
445,5,40,0,0,0,E
446,5,41,0,0,0,E
447,5,42,0,0,0,E
448,5,43,0,0,0,E
449,5,44,0,0,0,E
450,5,45,0,0,0,E
451,5,46,0,0,0,E
452,5,47,0,0,0,E
453,5,48,0,0,0,E
454,5,49,0,0,0,E
455,5,50,0,0,0,E
456,5,51,0,0,0,E
457,5,52,0,0,0,E
458,5,53,0,0,0,E
459,5,54,0,0,0,E
460,5,55,0,0,0,E
461,5,56,0,0,0,E
462,5,57,0,0,0,E
463,5,58,0,0,0,E
464,5,59,0,0,0,E
465,5,60,0,0,0,E
466,5,61,0,0,0,E
467,5,62,0,0,0,E
468,5,63,0,0,0,E
469,5,64,0,0,0,E
470,5,65,0,0,0,E
471,5,66,0,0,0,E
472,5,67,0,0,0,E
473,5,68,0,0,0,E
474,5,69,0,0,0,E
475,5,70,0,0,0,E
476,5,71,0,0,0,E
477,5,72,0,0,0,E
478,5,73,0,0,0,E
479,5,74,0,0,0,E
480,5,75,0,0,0,E
481,5,76,0,0,0,E
482,5,77,0,0,0,E
483,5,78,0,0,0,E
484,5,79,0,0,0,E
485,5,80,0,0,0,E
486,5,81,0,0,0,E
487,5,82,0,0,0,E
488,5,83,0,0,0,E
489,5,84,0,0,0,E
490,5,85,0,0,0,E
491,5,86,0,0,0,E
492,5,87,0,0,0,E
493,5,88,0,0,0,E
494,5,89,0,0,0,E
495,5,90,0,0,0,E
496,5,91,0,0,0,E
497,5,92,0,0,0,E
498,5,93,0,0,0,E
499,5,94,0,0,0,E
500,5,95,0,0,0,E
501,5,96,0,0,0,E
502,5,97,0,0,0,E
503,5,98,0,0,0,E
504,5,99,0,0,0,E
505,5,100,0,0,0,E
506,1,0,1,0,0,A
507,1,1,1,0,0,A
508,1,2,1,0,0,A
509,1,3,1,0,0,A
510,1,4,1,0,0,A
511,1,5,1,0,0,A
512,1,6,1,0,0,A
513,1,7,1,0,0,A
514,1,8,1,0,0,A
515,1,9,1,0,0,A
516,1,10,1,0,0,A
517,1,11,1,0,0,A
518,1,12,1,0,0,A
519,1,13,1,0,0,A
520,1,14,1,0,0,A
521,1,15,1,0,0,A
522,1,16,1,0,0,A
523,1,17,1,0,0,A
524,1,18,1,0,0,A
525,1,19,1,0,0,A
526,1,20,1,0,0,A
527,1,21,1,0,0,A
528,1,22,1,0,0,A
529,1,23,1,0,0,A
530,1,24,1,0,0,A
531,1,25,1,0,0,A
532,1,26,1,0,0,A
533,1,27,1,0,0,A
534,1,28,1,0,0,A
535,1,29,1,0,0,A
536,1,30,1,0,0,A
537,1,31,1,0,0,A
538,1,32,1,0,0,A
539,1,33,1,0,0,A
540,1,34,1,0,0,A
541,1,35,1,0,0,A
542,1,36,1,0,0,A
543,1,37,1,0,0,A
544,1,38,1,0,0,A
545,1,39,1,0,0,A
546,1,40,1,0,0,A
547,1,41,1,0,0,A
548,1,42,1,0,0,A
549,1,43,1,0,0,A
550,1,44,1,0,0,A
551,1,45,1,0,0,A
552,1,46,1,0,0,A
553,1,47,1,0,0,A
554,1,48,1,0,0,A
555,1,49,1,0,0,A
556,1,50,1,0,0,A
557,1,51,1,0,0,A
558,1,52,1,0,0,A
559,1,53,1,0,0,A
560,1,54,1,0,0,A
561,1,55,1,0,0,A
562,1,56,1,0,0,A
563,1,57,1,0,0,A
564,1,58,1,0,0,A
565,1,59,1,0,0,A
566,1,60,1,0,0,A
567,1,61,1,0,0,A
568,1,62,1,0,0,A
569,1,63,1,0,0,A
570,1,64,1,0,0,A
571,1,65,1,0,0,A
572,1,66,1,0,0,A
573,1,67,1,0,0,A
574,1,68,1,0,0,A
575,1,69,1,0,0,A
576,1,70,1,0,0,A
577,1,71,1,0,0,A
578,1,72,1,0,0,A
579,1,73,1,0,0,A
580,1,74,1,0,0,A
581,1,75,1,0,0,A
582,1,76,1,0,0,A
583,1,77,1,0,0,A
584,1,78,1,0,0,A
585,1,79,1,0,0,A
586,1,80,1,0,0,A
587,1,81,1,0,0,A
588,1,82,1,0,0,A
589,1,83,1,0,0,A
590,1,84,1,0,0,A
591,1,85,1,0,0,A
592,1,86,1,0,0,A
593,1,87,1,0,0,A
594,1,88,1,0,0,A
595,1,89,1,0,0,A
596,1,90,1,0,0,A
597,1,91,1,0,0,A
598,1,92,1,0,0,A
599,1,93,1,0,0,A
600,1,94,1,0,0,A
601,1,95,1,0,0,A
602,1,96,1,0,0,A
603,1,97,1,0,0,A
604,1,98,1,0,0,A
605,1,99,1,0,0,A
606,1,100,1,0,0,A
607,2,0,1,0,0,B
608,2,1,1,0,0,B
609,2,2,1,0,0,B
610,2,3,1,0,0,B
611,2,4,1,0,0,B
612,2,5,1,0,0,B
613,2,6,1,0,0,B
614,2,7,1,0,0,B
615,2,8,1,0,0,B
616,2,9,1,0,0,B
617,2,10,1,0,0,B
618,2,11,1,0,0,B
619,2,12,1,0,0,B
620,2,13,1,0,0,B
621,2,14,1,0,0,B
622,2,15,1,0,0,B
623,2,16,1,0,0,B
624,2,17,1,0,0,B
625,2,18,1,0,0,B
626,2,19,1,0,0,B
627,2,20,1,0,0,B
628,2,21,1,0,0,B
629,2,22,1,0,0,B
630,2,23,1,0,0,B
631,2,24,1,0,0,B
632,2,25,1,0,0,B
633,2,26,1,0,0,B
634,2,27,1,0,0,B
635,2,28,1,0,0,B
636,2,29,1,0,0,B
637,2,30,1,0,0,B
638,2,31,1,0,0,B
639,2,32,1,0,0,B
640,2,33,1,0,0,B
641,2,34,1,0,0,B
642,2,35,1,0,0,B
643,2,36,1,0,0,B
644,2,37,1,0,0,B
645,2,38,1,0,0,B
646,2,39,1,0,0,B
647,2,40,1,0,0,B
648,2,41,1,0,0,B
649,2,42,1,0,0,B
650,2,43,1,0,0,B
651,2,44,1,0,0,B
652,2,45,1,0,0,B
653,2,46,1,0,0,B
654,2,47,1,0,0,B
655,2,48,1,0,0,B
656,2,49,1,0,0,B
657,2,50,1,0,0,B
658,2,51,1,0,0,B
659,2,52,1,0,0,B
660,2,53,1,0,0,B
661,2,54,1,0,0,B
662,2,55,1,0,0,B
663,2,56,1,0,0,B
664,2,57,1,0,0,B
665,2,58,1,0,0,B
666,2,59,1,0,0,B
667,2,60,1,0,0,B
668,2,61,1,0,0,B
669,2,62,1,0,0,B
670,2,63,1,0,0,B
671,2,64,1,0,0,B
672,2,65,1,0,0,B
673,2,66,1,0,0,B
674,2,67,1,0,0,B
675,2,68,1,0,0,B
676,2,69,1,0,0,B
677,2,70,1,0,0,B
678,2,71,1,0,0,B
679,2,72,1,0,0,B
680,2,73,1,0,0,B
681,2,74,1,0,0,B
682,2,75,1,0,0,B
683,2,76,1,0,0,B
684,2,77,1,0,0,B
685,2,78,1,0,0,B
686,2,79,1,0,0,B
687,2,80,1,0,0,B
688,2,81,1,0,0,B
689,2,82,1,0,0,B
690,2,83,1,0,0,B
691,2,84,1,0,0,B
692,2,85,1,0,0,B
693,2,86,1,0,0,B
694,2,87,1,0,0,B
695,2,88,1,0,0,B
696,2,89,1,0,0,B
697,2,90,1,0,0,B
698,2,91,1,0,0,B
699,2,92,1,0,0,B
700,2,93,1,0,0,B
701,2,94,1,0,0,B
702,2,95,1,0,0,B
703,2,96,1,0,0,B
704,2,97,1,0,0,B
705,2,98,1,0,0,B
706,2,99,1,0,0,B
707,2,100,1,0,0,B
708,3,0,1,0,0,C
709,3,1,1,0,0,C
710,3,2,1,0,0,C
711,3,3,1,0,0,C
712,3,4,1,0,0,C
713,3,5,1,0,0,C
714,3,6,1,0,0,C
715,3,7,1,0,0,C
716,3,8,1,0,0,C
717,3,9,1,0,0,C
718,3,10,1,0,0,C
719,3,11,1,0,0,C
720,3,12,1,0,0,C
721,3,13,1,0,0,C
722,3,14,1,0,0,C
723,3,15,1,0,0,C
724,3,16,1,0,0,C
725,3,17,1,0,0,C
726,3,18,1,0,0,C
727,3,19,1,0,0,C
728,3,20,1,0,0,C
729,3,21,1,0,0,C
730,3,22,1,0,0,C
731,3,23,1,0,0,C
732,3,24,1,0,0,C
733,3,25,1,0,0,C
734,3,26,1,0,0,C
735,3,27,1,0,0,C
736,3,28,1,0,0,C
737,3,29,1,0,0,C
738,3,30,1,0,0,C
739,3,31,1,0,0,C
740,3,32,1,0,0,C
741,3,33,1,0,0,C
742,3,34,1,0,0,C
743,3,35,1,0,0,C
744,3,36,1,0,0,C
745,3,37,1,0,0,C
746,3,38,1,0,0,C
747,3,39,1,0,0,C
748,3,40,1,0,0,C
749,3,41,1,0,0,C
750,3,42,1,0,0,C
751,3,43,1,0,0,C
752,3,44,1,0,0,C
753,3,45,1,0,0,C
754,3,46,1,0,0,C
755,3,47,1,0,0,C
756,3,48,1,0,0,C
757,3,49,1,0,0,C
758,3,50,1,0,0,C
759,3,51,1,0,0,C
760,3,52,1,0,0,C
761,3,53,1,0,0,C
762,3,54,1,0,0,C
763,3,55,1,0,0,C
764,3,56,1,0,0,C
765,3,57,1,0,0,C
766,3,58,1,0,0,C
767,3,59,1,0,0,C
768,3,60,1,0,0,C
769,3,61,1,0,0,C
770,3,62,1,0,0,C
771,3,63,1,0,0,C
772,3,64,1,0,0,C
773,3,65,1,0,0,C
774,3,66,1,0,0,C
775,3,67,1,0,0,C
776,3,68,1,0,0,C
777,3,69,1,0,0,C
778,3,70,1,0,0,C
779,3,71,1,0,0,C
780,3,72,1,0,0,C
781,3,73,1,0,0,C
782,3,74,1,0,0,C
783,3,75,1,0,0,C
784,3,76,1,0,0,C
785,3,77,1,0,0,C
786,3,78,1,0,0,C
787,3,79,1,0,0,C
788,3,80,1,0,0,C
789,3,81,1,0,0,C
790,3,82,1,0,0,C
791,3,83,1,0,0,C
792,3,84,1,0,0,C
793,3,85,1,0,0,C
794,3,86,1,0,0,C
795,3,87,1,0,0,C
796,3,88,1,0,0,C
797,3,89,1,0,0,C
798,3,90,1,0,0,C
799,3,91,1,0,0,C
800,3,92,1,0,0,C
801,3,93,1,0,0,C
802,3,94,1,0,0,C
803,3,95,1,0,0,C
804,3,96,1,0,0,C
805,3,97,1,0,0,C
806,3,98,1,0,0,C
807,3,99,1,0,0,C
808,3,100,1,0,0,C
809,4,0,1,0,0,D
810,4,1,1,0,0,D
811,4,2,1,0,0,D
812,4,3,1,0,0,D
813,4,4,1,0,0,D
814,4,5,1,0,0,D
815,4,6,1,0,0,D
816,4,7,1,0,0,D
817,4,8,1,0,0,D
818,4,9,1,0,0,D
819,4,10,1,0,0,D
820,4,11,1,0,0,D
821,4,12,1,0,0,D
822,4,13,1,0,0,D
823,4,14,1,0,0,D
824,4,15,1,0,0,D
825,4,16,1,0,0,D
826,4,17,1,0,0,D
827,4,18,1,0,0,D
828,4,19,1,0,0,D
829,4,20,1,0,0,D
830,4,21,1,0,0,D
831,4,22,1,0,0,D
832,4,23,1,0,0,D
833,4,24,1,0,0,D
834,4,25,1,0,0,D
835,4,26,1,0,0,D
836,4,27,1,0,0,D
837,4,28,1,0,0,D
838,4,29,1,0,0,D
839,4,30,1,0,0,D
840,4,31,1,0,0,D
841,4,32,1,0,0,D
842,4,33,1,0,0,D
843,4,34,1,0,0,D
844,4,35,1,0,0,D
845,4,36,1,0,0,D
846,4,37,1,0,0,D
847,4,38,1,0,0,D
848,4,39,1,0,0,D
849,4,40,1,0,0,D
850,4,41,1,0,0,D
851,4,42,1,0,0,D
852,4,43,1,0,0,D
853,4,44,1,0,0,D
854,4,45,1,0,0,D
855,4,46,1,0,0,D
856,4,47,1,0,0,D
857,4,48,1,0,0,D
858,4,49,1,0,0,D
859,4,50,1,0,0,D
860,4,51,1,0,0,D
861,4,52,1,0,0,D
862,4,53,1,0,0,D
863,4,54,1,0,0,D
864,4,55,1,0,0,D
865,4,56,1,0,0,D
866,4,57,1,0,0,D
867,4,58,1,0,0,D
868,4,59,1,0,0,D
869,4,60,1,0,0,D
870,4,61,1,0,0,D
871,4,62,1,0,0,D
872,4,63,1,0,0,D
873,4,64,1,0,0,D
874,4,65,1,0,0,D
875,4,66,1,0,0,D
876,4,67,1,0,0,D
877,4,68,1,0,0,D
878,4,69,1,0,0,D
879,4,70,1,0,0,D
880,4,71,1,0,0,D
881,4,72,1,0,0,D
882,4,73,1,0,0,D
883,4,74,1,0,0,D
884,4,75,1,0,0,D
885,4,76,1,0,0,D
886,4,77,1,0,0,D
887,4,78,1,0,0,D
888,4,79,1,0,0,D
889,4,80,1,0,0,D
890,4,81,1,0,0,D
891,4,82,1,0,0,D
892,4,83,1,0,0,D
893,4,84,1,0,0,D
894,4,85,1,0,0,D
895,4,86,1,0,0,D
896,4,87,1,0,0,D
897,4,88,1,0,0,D
898,4,89,1,0,0,D
899,4,90,1,0,0,D
900,4,91,1,0,0,D
901,4,92,1,0,0,D
902,4,93,1,0,0,D
903,4,94,1,0,0,D
904,4,95,1,0,0,D
905,4,96,1,0,0,D
906,4,97,1,0,0,D
907,4,98,1,0,0,D
908,4,99,1,0,0,D
909,4,100,1,0,0,D
910,5,0,1,0,0,E
911,5,1,1,0,0,E
912,5,2,1,0,0,E
913,5,3,1,0,0,E
914,5,4,1,0,0,E
915,5,5,1,0,0,E
916,5,6,1,0,0,E
917,5,7,1,0,0,E
918,5,8,1,0,0,E
919,5,9,1,0,0,E
920,5,10,1,0,0,E
921,5,11,1,0,0,E
922,5,12,1,0,0,E
923,5,13,1,0,0,E
924,5,14,1,0,0,E
925,5,15,1,0,0,E
926,5,16,1,0,0,E
927,5,17,1,0,0,E
928,5,18,1,0,0,E
929,5,19,1,0,0,E
930,5,20,1,0,0,E
931,5,21,1,0,0,E
932,5,22,1,0,0,E
933,5,23,1,0,0,E
934,5,24,1,0,0,E
935,5,25,1,0,0,E
936,5,26,1,0,0,E
937,5,27,1,0,0,E
938,5,28,1,0,0,E
939,5,29,1,0,0,E
940,5,30,1,0,0,E
941,5,31,1,0,0,E
942,5,32,1,0,0,E
943,5,33,1,0,0,E
944,5,34,1,0,0,E
945,5,35,1,0,0,E
946,5,36,1,0,0,E
947,5,37,1,0,0,E
948,5,38,1,0,0,E
949,5,39,1,0,0,E
950,5,40,1,0,0,E
951,5,41,1,0,0,E
952,5,42,1,0,0,E
953,5,43,1,0,0,E
954,5,44,1,0,0,E
955,5,45,1,0,0,E
956,5,46,1,0,0,E
957,5,47,1,0,0,E
958,5,48,1,0,0,E
959,5,49,1,0,0,E
960,5,50,1,0,0,E
961,5,51,1,0,0,E
962,5,52,1,0,0,E
963,5,53,1,0,0,E
964,5,54,1,0,0,E
965,5,55,1,0,0,E
966,5,56,1,0,0,E
967,5,57,1,0,0,E
968,5,58,1,0,0,E
969,5,59,1,0,0,E
970,5,60,1,0,0,E
971,5,61,1,0,0,E
972,5,62,1,0,0,E
973,5,63,1,0,0,E
974,5,64,1,0,0,E
975,5,65,1,0,0,E
976,5,66,1,0,0,E
977,5,67,1,0,0,E
978,5,68,1,0,0,E
979,5,69,1,0,0,E
980,5,70,1,0,0,E
981,5,71,1,0,0,E
982,5,72,1,0,0,E
983,5,73,1,0,0,E
984,5,74,1,0,0,E
985,5,75,1,0,0,E
986,5,76,1,0,0,E
987,5,77,1,0,0,E
988,5,78,1,0,0,E
989,5,79,1,0,0,E
990,5,80,1,0,0,E
991,5,81,1,0,0,E
992,5,82,1,0,0,E
993,5,83,1,0,0,E
994,5,84,1,0,0,E
995,5,85,1,0,0,E
996,5,86,1,0,0,E
997,5,87,1,0,0,E
998,5,88,1,0,0,E
999,5,89,1,0,0,E
1000,5,90,1,0,0,E
1001,5,91,1,0,0,E
1002,5,92,1,0,0,E
1003,5,93,1,0,0,E
1004,5,94,1,0,0,E
1005,5,95,1,0,0,E
1006,5,96,1,0,0,E
1007,5,97,1,0,0,E
1008,5,98,1,0,0,E
1009,5,99,1,0,0,E
1010,5,100,1,0,0,E
1011,1,0,0,1,0,A
1012,1,1,0,1,0,A
1013,1,2,0,1,0,A
1014,1,3,0,1,0,A
1015,1,4,0,1,0,A
1016,1,5,0,1,0,A
1017,1,6,0,1,0,A
1018,1,7,0,1,0,A
1019,1,8,0,1,0,A
1020,1,9,0,1,0,A
1021,1,10,0,1,0,A
1022,1,11,0,1,0,A
1023,1,12,0,1,0,A
1024,1,13,0,1,0,A
1025,1,14,0,1,0,A
1026,1,15,0,1,0,A
1027,1,16,0,1,0,A
1028,1,17,0,1,0,A
1029,1,18,0,1,0,A
1030,1,19,0,1,0,A
1031,1,20,0,1,0,A
1032,1,21,0,1,0,A
1033,1,22,0,1,0,A
1034,1,23,0,1,0,A
1035,1,24,0,1,0,A
1036,1,25,0,1,0,A
1037,1,26,0,1,0,A
1038,1,27,0,1,0,A
1039,1,28,0,1,0,A
1040,1,29,0,1,0,A
1041,1,30,0,1,0,A
1042,1,31,0,1,0,A
1043,1,32,0,1,0,A
1044,1,33,0,1,0,A
1045,1,34,0,1,0,A
1046,1,35,0,1,0,A
1047,1,36,0,1,0,A
1048,1,37,0,1,0,A
1049,1,38,0,1,0,A
1050,1,39,0,1,0,A
1051,1,40,0,1,0,A
1052,1,41,0,1,0,A
1053,1,42,0,1,0,A
1054,1,43,0,1,0,A
1055,1,44,0,1,0,A
1056,1,45,0,1,0,A
1057,1,46,0,1,0,A
1058,1,47,0,1,0,A
1059,1,48,0,1,0,A
1060,1,49,0,1,0,A
1061,1,50,0,1,0,A
1062,1,51,0,1,0,A
1063,1,52,0,1,0,A
1064,1,53,0,1,0,A
1065,1,54,0,1,0,A
1066,1,55,0,1,0,A
1067,1,56,0,1,0,A
1068,1,57,0,1,0,A
1069,1,58,0,1,0,A
1070,1,59,0,1,0,A
1071,1,60,0,1,0,A
1072,1,61,0,1,0,A
1073,1,62,0,1,0,A
1074,1,63,0,1,0,A
1075,1,64,0,1,0,A
1076,1,65,0,1,0,A
1077,1,66,0,1,0,A
1078,1,67,0,1,0,A
1079,1,68,0,1,0,A
1080,1,69,0,1,0,A
1081,1,70,0,1,0,A
1082,1,71,0,1,0,A
1083,1,72,0,1,0,A
1084,1,73,0,1,0,A
1085,1,74,0,1,0,A
1086,1,75,0,1,0,A
1087,1,76,0,1,0,A
1088,1,77,0,1,0,A
1089,1,78,0,1,0,A
1090,1,79,0,1,0,A
1091,1,80,0,1,0,A
1092,1,81,0,1,0,A
1093,1,82,0,1,0,A
1094,1,83,0,1,0,A
1095,1,84,0,1,0,A
1096,1,85,0,1,0,A
1097,1,86,0,1,0,A
1098,1,87,0,1,0,A
1099,1,88,0,1,0,A
1100,1,89,0,1,0,A
1101,1,90,0,1,0,A
1102,1,91,0,1,0,A
1103,1,92,0,1,0,A
1104,1,93,0,1,0,A
1105,1,94,0,1,0,A
1106,1,95,0,1,0,A
1107,1,96,0,1,0,A
1108,1,97,0,1,0,A
1109,1,98,0,1,0,A
1110,1,99,0,1,0,A
1111,1,100,0,1,0,A
1112,2,0,0,1,0,B
1113,2,1,0,1,0,B
1114,2,2,0,1,0,B
1115,2,3,0,1,0,B
1116,2,4,0,1,0,B
1117,2,5,0,1,0,B
1118,2,6,0,1,0,B
1119,2,7,0,1,0,B
1120,2,8,0,1,0,B
1121,2,9,0,1,0,B
1122,2,10,0,1,0,B
1123,2,11,0,1,0,B
1124,2,12,0,1,0,B
1125,2,13,0,1,0,B
1126,2,14,0,1,0,B
1127,2,15,0,1,0,B
1128,2,16,0,1,0,B
1129,2,17,0,1,0,B
1130,2,18,0,1,0,B
1131,2,19,0,1,0,B
1132,2,20,0,1,0,B
1133,2,21,0,1,0,B
1134,2,22,0,1,0,B
1135,2,23,0,1,0,B
1136,2,24,0,1,0,B
1137,2,25,0,1,0,B
1138,2,26,0,1,0,B
1139,2,27,0,1,0,B
1140,2,28,0,1,0,B
1141,2,29,0,1,0,B
1142,2,30,0,1,0,B
1143,2,31,0,1,0,B
1144,2,32,0,1,0,B
1145,2,33,0,1,0,B
1146,2,34,0,1,0,B
1147,2,35,0,1,0,B
1148,2,36,0,1,0,B
1149,2,37,0,1,0,B
1150,2,38,0,1,0,B
1151,2,39,0,1,0,B
1152,2,40,0,1,0,B
1153,2,41,0,1,0,B
1154,2,42,0,1,0,B
1155,2,43,0,1,0,B
1156,2,44,0,1,0,B
1157,2,45,0,1,0,B
1158,2,46,0,1,0,B
1159,2,47,0,1,0,B
1160,2,48,0,1,0,B
1161,2,49,0,1,0,B
1162,2,50,0,1,0,B
1163,2,51,0,1,0,B
1164,2,52,0,1,0,B
1165,2,53,0,1,0,B
1166,2,54,0,1,0,B
1167,2,55,0,1,0,B
1168,2,56,0,1,0,B
1169,2,57,0,1,0,B
1170,2,58,0,1,0,B
1171,2,59,0,1,0,B
1172,2,60,0,1,0,B
1173,2,61,0,1,0,B
1174,2,62,0,1,0,B
1175,2,63,0,1,0,B
1176,2,64,0,1,0,B
1177,2,65,0,1,0,B
1178,2,66,0,1,0,B
1179,2,67,0,1,0,B
1180,2,68,0,1,0,B
1181,2,69,0,1,0,B
1182,2,70,0,1,0,B
1183,2,71,0,1,0,B
1184,2,72,0,1,0,B
1185,2,73,0,1,0,B
1186,2,74,0,1,0,B
1187,2,75,0,1,0,B
1188,2,76,0,1,0,B
1189,2,77,0,1,0,B
1190,2,78,0,1,0,B
1191,2,79,0,1,0,B
1192,2,80,0,1,0,B
1193,2,81,0,1,0,B
1194,2,82,0,1,0,B
1195,2,83,0,1,0,B
1196,2,84,0,1,0,B
1197,2,85,0,1,0,B
1198,2,86,0,1,0,B
1199,2,87,0,1,0,B
1200,2,88,0,1,0,B
1201,2,89,0,1,0,B
1202,2,90,0,1,0,B
1203,2,91,0,1,0,B
1204,2,92,0,1,0,B
1205,2,93,0,1,0,B
1206,2,94,0,1,0,B
1207,2,95,0,1,0,B
1208,2,96,0,1,0,B
1209,2,97,0,1,0,B
1210,2,98,0,1,0,B
1211,2,99,0,1,0,B
1212,2,100,0,1,0,B
1213,3,0,0,1,0,C
1214,3,1,0,1,0,C
1215,3,2,0,1,0,C
1216,3,3,0,1,0,C
1217,3,4,0,1,0,C
1218,3,5,0,1,0,C
1219,3,6,0,1,0,C
1220,3,7,0,1,0,C
1221,3,8,0,1,0,C
1222,3,9,0,1,0,C
1223,3,10,0,1,0,C
1224,3,11,0,1,0,C
1225,3,12,0,1,0,C
1226,3,13,0,1,0,C
1227,3,14,0,1,0,C
1228,3,15,0,1,0,C
1229,3,16,0,1,0,C
1230,3,17,0,1,0,C
1231,3,18,0,1,0,C
1232,3,19,0,1,0,C
1233,3,20,0,1,0,C
1234,3,21,0,1,0,C
1235,3,22,0,1,0,C
1236,3,23,0,1,0,C
1237,3,24,0,1,0,C
1238,3,25,0,1,0,C
1239,3,26,0,1,0,C
1240,3,27,0,1,0,C
1241,3,28,0,1,0,C
1242,3,29,0,1,0,C
1243,3,30,0,1,0,C
1244,3,31,0,1,0,C
1245,3,32,0,1,0,C
1246,3,33,0,1,0,C
1247,3,34,0,1,0,C
1248,3,35,0,1,0,C
1249,3,36,0,1,0,C
1250,3,37,0,1,0,C
1251,3,38,0,1,0,C
1252,3,39,0,1,0,C
1253,3,40,0,1,0,C
1254,3,41,0,1,0,C
1255,3,42,0,1,0,C
1256,3,43,0,1,0,C
1257,3,44,0,1,0,C
1258,3,45,0,1,0,C
1259,3,46,0,1,0,C
1260,3,47,0,1,0,C
1261,3,48,0,1,0,C
1262,3,49,0,1,0,C
1263,3,50,0,1,0,C
1264,3,51,0,1,0,C
1265,3,52,0,1,0,C
1266,3,53,0,1,0,C
1267,3,54,0,1,0,C
1268,3,55,0,1,0,C
1269,3,56,0,1,0,C
1270,3,57,0,1,0,C
1271,3,58,0,1,0,C
1272,3,59,0,1,0,C
1273,3,60,0,1,0,C
1274,3,61,0,1,0,C
1275,3,62,0,1,0,C
1276,3,63,0,1,0,C
1277,3,64,0,1,0,C
1278,3,65,0,1,0,C
1279,3,66,0,1,0,C
1280,3,67,0,1,0,C
1281,3,68,0,1,0,C
1282,3,69,0,1,0,C
1283,3,70,0,1,0,C
1284,3,71,0,1,0,C
1285,3,72,0,1,0,C
1286,3,73,0,1,0,C
1287,3,74,0,1,0,C
1288,3,75,0,1,0,C
1289,3,76,0,1,0,C
1290,3,77,0,1,0,C
1291,3,78,0,1,0,C
1292,3,79,0,1,0,C
1293,3,80,0,1,0,C
1294,3,81,0,1,0,C
1295,3,82,0,1,0,C
1296,3,83,0,1,0,C
1297,3,84,0,1,0,C
1298,3,85,0,1,0,C
1299,3,86,0,1,0,C
1300,3,87,0,1,0,C
1301,3,88,0,1,0,C
1302,3,89,0,1,0,C
1303,3,90,0,1,0,C
1304,3,91,0,1,0,C
1305,3,92,0,1,0,C
1306,3,93,0,1,0,C
1307,3,94,0,1,0,C
1308,3,95,0,1,0,C
1309,3,96,0,1,0,C
1310,3,97,0,1,0,C
1311,3,98,0,1,0,C
1312,3,99,0,1,0,C
1313,3,100,0,1,0,C
1314,4,0,0,1,0,D
1315,4,1,0,1,0,D
1316,4,2,0,1,0,D
1317,4,3,0,1,0,D
1318,4,4,0,1,0,D
1319,4,5,0,1,0,D
1320,4,6,0,1,0,D
1321,4,7,0,1,0,D
1322,4,8,0,1,0,D
1323,4,9,0,1,0,D
1324,4,10,0,1,0,D
1325,4,11,0,1,0,D
1326,4,12,0,1,0,D
1327,4,13,0,1,0,D
1328,4,14,0,1,0,D
1329,4,15,0,1,0,D
1330,4,16,0,1,0,D
1331,4,17,0,1,0,D
1332,4,18,0,1,0,D
1333,4,19,0,1,0,D
1334,4,20,0,1,0,D
1335,4,21,0,1,0,D
1336,4,22,0,1,0,D
1337,4,23,0,1,0,D
1338,4,24,0,1,0,D
1339,4,25,0,1,0,D
1340,4,26,0,1,0,D
1341,4,27,0,1,0,D
1342,4,28,0,1,0,D
1343,4,29,0,1,0,D
1344,4,30,0,1,0,D
1345,4,31,0,1,0,D
1346,4,32,0,1,0,D
1347,4,33,0,1,0,D
1348,4,34,0,1,0,D
1349,4,35,0,1,0,D
1350,4,36,0,1,0,D
1351,4,37,0,1,0,D
1352,4,38,0,1,0,D
1353,4,39,0,1,0,D
1354,4,40,0,1,0,D
1355,4,41,0,1,0,D
1356,4,42,0,1,0,D
1357,4,43,0,1,0,D
1358,4,44,0,1,0,D
1359,4,45,0,1,0,D
1360,4,46,0,1,0,D
1361,4,47,0,1,0,D
1362,4,48,0,1,0,D
1363,4,49,0,1,0,D
1364,4,50,0,1,0,D
1365,4,51,0,1,0,D
1366,4,52,0,1,0,D
1367,4,53,0,1,0,D
1368,4,54,0,1,0,D
1369,4,55,0,1,0,D
1370,4,56,0,1,0,D
1371,4,57,0,1,0,D
1372,4,58,0,1,0,D
1373,4,59,0,1,0,D
1374,4,60,0,1,0,D
1375,4,61,0,1,0,D
1376,4,62,0,1,0,D
1377,4,63,0,1,0,D
1378,4,64,0,1,0,D
1379,4,65,0,1,0,D
1380,4,66,0,1,0,D
1381,4,67,0,1,0,D
1382,4,68,0,1,0,D
1383,4,69,0,1,0,D
1384,4,70,0,1,0,D
1385,4,71,0,1,0,D
1386,4,72,0,1,0,D
1387,4,73,0,1,0,D
1388,4,74,0,1,0,D
1389,4,75,0,1,0,D
1390,4,76,0,1,0,D
1391,4,77,0,1,0,D
1392,4,78,0,1,0,D
1393,4,79,0,1,0,D
1394,4,80,0,1,0,D
1395,4,81,0,1,0,D
1396,4,82,0,1,0,D
1397,4,83,0,1,0,D
1398,4,84,0,1,0,D
1399,4,85,0,1,0,D
1400,4,86,0,1,0,D
1401,4,87,0,1,0,D
1402,4,88,0,1,0,D
1403,4,89,0,1,0,D
1404,4,90,0,1,0,D
1405,4,91,0,1,0,D
1406,4,92,0,1,0,D
1407,4,93,0,1,0,D
1408,4,94,0,1,0,D
1409,4,95,0,1,0,D
1410,4,96,0,1,0,D
1411,4,97,0,1,0,D
1412,4,98,0,1,0,D
1413,4,99,0,1,0,D
1414,4,100,0,1,0,D
1415,5,0,0,1,0,E
1416,5,1,0,1,0,E
1417,5,2,0,1,0,E
1418,5,3,0,1,0,E
1419,5,4,0,1,0,E
1420,5,5,0,1,0,E
1421,5,6,0,1,0,E
1422,5,7,0,1,0,E
1423,5,8,0,1,0,E
1424,5,9,0,1,0,E
1425,5,10,0,1,0,E
1426,5,11,0,1,0,E
1427,5,12,0,1,0,E
1428,5,13,0,1,0,E
1429,5,14,0,1,0,E
1430,5,15,0,1,0,E
1431,5,16,0,1,0,E
1432,5,17,0,1,0,E
1433,5,18,0,1,0,E
1434,5,19,0,1,0,E
1435,5,20,0,1,0,E
1436,5,21,0,1,0,E
1437,5,22,0,1,0,E
1438,5,23,0,1,0,E
1439,5,24,0,1,0,E
1440,5,25,0,1,0,E
1441,5,26,0,1,0,E
1442,5,27,0,1,0,E
1443,5,28,0,1,0,E
1444,5,29,0,1,0,E
1445,5,30,0,1,0,E
1446,5,31,0,1,0,E
1447,5,32,0,1,0,E
1448,5,33,0,1,0,E
1449,5,34,0,1,0,E
1450,5,35,0,1,0,E
1451,5,36,0,1,0,E
1452,5,37,0,1,0,E
1453,5,38,0,1,0,E
1454,5,39,0,1,0,E
1455,5,40,0,1,0,E
1456,5,41,0,1,0,E
1457,5,42,0,1,0,E
1458,5,43,0,1,0,E
1459,5,44,0,1,0,E
1460,5,45,0,1,0,E
1461,5,46,0,1,0,E
1462,5,47,0,1,0,E
1463,5,48,0,1,0,E
1464,5,49,0,1,0,E
1465,5,50,0,1,0,E
1466,5,51,0,1,0,E
1467,5,52,0,1,0,E
1468,5,53,0,1,0,E
1469,5,54,0,1,0,E
1470,5,55,0,1,0,E
1471,5,56,0,1,0,E
1472,5,57,0,1,0,E
1473,5,58,0,1,0,E
1474,5,59,0,1,0,E
1475,5,60,0,1,0,E
1476,5,61,0,1,0,E
1477,5,62,0,1,0,E
1478,5,63,0,1,0,E
1479,5,64,0,1,0,E
1480,5,65,0,1,0,E
1481,5,66,0,1,0,E
1482,5,67,0,1,0,E
1483,5,68,0,1,0,E
1484,5,69,0,1,0,E
1485,5,70,0,1,0,E
1486,5,71,0,1,0,E
1487,5,72,0,1,0,E
1488,5,73,0,1,0,E
1489,5,74,0,1,0,E
1490,5,75,0,1,0,E
1491,5,76,0,1,0,E
1492,5,77,0,1,0,E
1493,5,78,0,1,0,E
1494,5,79,0,1,0,E
1495,5,80,0,1,0,E
1496,5,81,0,1,0,E
1497,5,82,0,1,0,E
1498,5,83,0,1,0,E
1499,5,84,0,1,0,E
1500,5,85,0,1,0,E
1501,5,86,0,1,0,E
1502,5,87,0,1,0,E
1503,5,88,0,1,0,E
1504,5,89,0,1,0,E
1505,5,90,0,1,0,E
1506,5,91,0,1,0,E
1507,5,92,0,1,0,E
1508,5,93,0,1,0,E
1509,5,94,0,1,0,E
1510,5,95,0,1,0,E
1511,5,96,0,1,0,E
1512,5,97,0,1,0,E
1513,5,98,0,1,0,E
1514,5,99,0,1,0,E
1515,5,100,0,1,0,E
1516,1,0,1,1,0,A
1517,1,1,1,1,0,A
1518,1,2,1,1,0,A
1519,1,3,1,1,0,A
1520,1,4,1,1,0,A
1521,1,5,1,1,0,A
1522,1,6,1,1,0,A
1523,1,7,1,1,0,A
1524,1,8,1,1,0,A
1525,1,9,1,1,0,A
1526,1,10,1,1,0,A
1527,1,11,1,1,0,A
1528,1,12,1,1,0,A
1529,1,13,1,1,0,A
1530,1,14,1,1,0,A
1531,1,15,1,1,0,A
1532,1,16,1,1,0,A
1533,1,17,1,1,0,A
1534,1,18,1,1,0,A
1535,1,19,1,1,0,A
1536,1,20,1,1,0,A
1537,1,21,1,1,0,A
1538,1,22,1,1,0,A
1539,1,23,1,1,0,A
1540,1,24,1,1,0,A
1541,1,25,1,1,0,A
1542,1,26,1,1,0,A
1543,1,27,1,1,0,A
1544,1,28,1,1,0,A
1545,1,29,1,1,0,A
1546,1,30,1,1,0,A
1547,1,31,1,1,0,A
1548,1,32,1,1,0,A
1549,1,33,1,1,0,A
1550,1,34,1,1,0,A
1551,1,35,1,1,0,A
1552,1,36,1,1,0,A
1553,1,37,1,1,0,A
1554,1,38,1,1,0,A
1555,1,39,1,1,0,A
1556,1,40,1,1,0,A
1557,1,41,1,1,0,A
1558,1,42,1,1,0,A
1559,1,43,1,1,0,A
1560,1,44,1,1,0,A
1561,1,45,1,1,0,A
1562,1,46,1,1,0,A
1563,1,47,1,1,0,A
1564,1,48,1,1,0,A
1565,1,49,1,1,0,A
1566,1,50,1,1,0,A
1567,1,51,1,1,0,A
1568,1,52,1,1,0,A
1569,1,53,1,1,0,A
1570,1,54,1,1,0,A
1571,1,55,1,1,0,A
1572,1,56,1,1,0,A
1573,1,57,1,1,0,A
1574,1,58,1,1,0,A
1575,1,59,1,1,0,A
1576,1,60,1,1,0,A
1577,1,61,1,1,0,A
1578,1,62,1,1,0,A
1579,1,63,1,1,0,A
1580,1,64,1,1,0,A
1581,1,65,1,1,0,A
1582,1,66,1,1,0,A
1583,1,67,1,1,0,A
1584,1,68,1,1,0,A
1585,1,69,1,1,0,A
1586,1,70,1,1,0,A
1587,1,71,1,1,0,A
1588,1,72,1,1,0,A
1589,1,73,1,1,0,A
1590,1,74,1,1,0,A
1591,1,75,1,1,0,A
1592,1,76,1,1,0,A
1593,1,77,1,1,0,A
1594,1,78,1,1,0,A
1595,1,79,1,1,0,A
1596,1,80,1,1,0,A
1597,1,81,1,1,0,A
1598,1,82,1,1,0,A
1599,1,83,1,1,0,A
1600,1,84,1,1,0,A
1601,1,85,1,1,0,A
1602,1,86,1,1,0,A
1603,1,87,1,1,0,A
1604,1,88,1,1,0,A
1605,1,89,1,1,0,A
1606,1,90,1,1,0,A
1607,1,91,1,1,0,A
1608,1,92,1,1,0,A
1609,1,93,1,1,0,A
1610,1,94,1,1,0,A
1611,1,95,1,1,0,A
1612,1,96,1,1,0,A
1613,1,97,1,1,0,A
1614,1,98,1,1,0,A
1615,1,99,1,1,0,A
1616,1,100,1,1,0,A
1617,2,0,1,1,0,B
1618,2,1,1,1,0,B
1619,2,2,1,1,0,B
1620,2,3,1,1,0,B
1621,2,4,1,1,0,B
1622,2,5,1,1,0,B
1623,2,6,1,1,0,B
1624,2,7,1,1,0,B
1625,2,8,1,1,0,B
1626,2,9,1,1,0,B
1627,2,10,1,1,0,B
1628,2,11,1,1,0,B
1629,2,12,1,1,0,B
1630,2,13,1,1,0,B
1631,2,14,1,1,0,B
1632,2,15,1,1,0,B
1633,2,16,1,1,0,B
1634,2,17,1,1,0,B
1635,2,18,1,1,0,B
1636,2,19,1,1,0,B
1637,2,20,1,1,0,B
1638,2,21,1,1,0,B
1639,2,22,1,1,0,B
1640,2,23,1,1,0,B
1641,2,24,1,1,0,B
1642,2,25,1,1,0,B
1643,2,26,1,1,0,B
1644,2,27,1,1,0,B
1645,2,28,1,1,0,B
1646,2,29,1,1,0,B
1647,2,30,1,1,0,B
1648,2,31,1,1,0,B
1649,2,32,1,1,0,B
1650,2,33,1,1,0,B
1651,2,34,1,1,0,B
1652,2,35,1,1,0,B
1653,2,36,1,1,0,B
1654,2,37,1,1,0,B
1655,2,38,1,1,0,B
1656,2,39,1,1,0,B
1657,2,40,1,1,0,B
1658,2,41,1,1,0,B
1659,2,42,1,1,0,B
1660,2,43,1,1,0,B
1661,2,44,1,1,0,B
1662,2,45,1,1,0,B
1663,2,46,1,1,0,B
1664,2,47,1,1,0,B
1665,2,48,1,1,0,B
1666,2,49,1,1,0,B
1667,2,50,1,1,0,B
1668,2,51,1,1,0,B
1669,2,52,1,1,0,B
1670,2,53,1,1,0,B
1671,2,54,1,1,0,B
1672,2,55,1,1,0,B
1673,2,56,1,1,0,B
1674,2,57,1,1,0,B
1675,2,58,1,1,0,B
1676,2,59,1,1,0,B
1677,2,60,1,1,0,B
1678,2,61,1,1,0,B
1679,2,62,1,1,0,B
1680,2,63,1,1,0,B
1681,2,64,1,1,0,B
1682,2,65,1,1,0,B
1683,2,66,1,1,0,B
1684,2,67,1,1,0,B
1685,2,68,1,1,0,B
1686,2,69,1,1,0,B
1687,2,70,1,1,0,B
1688,2,71,1,1,0,B
1689,2,72,1,1,0,B
1690,2,73,1,1,0,B
1691,2,74,1,1,0,B
1692,2,75,1,1,0,B
1693,2,76,1,1,0,B
1694,2,77,1,1,0,B
1695,2,78,1,1,0,B
1696,2,79,1,1,0,B
1697,2,80,1,1,0,B
1698,2,81,1,1,0,B
1699,2,82,1,1,0,B
1700,2,83,1,1,0,B
1701,2,84,1,1,0,B
1702,2,85,1,1,0,B
1703,2,86,1,1,0,B
1704,2,87,1,1,0,B
1705,2,88,1,1,0,B
1706,2,89,1,1,0,B
1707,2,90,1,1,0,B
1708,2,91,1,1,0,B
1709,2,92,1,1,0,B
1710,2,93,1,1,0,B
1711,2,94,1,1,0,B
1712,2,95,1,1,0,B
1713,2,96,1,1,0,B
1714,2,97,1,1,0,B
1715,2,98,1,1,0,B
1716,2,99,1,1,0,B
1717,2,100,1,1,0,B
1718,3,0,1,1,0,C
1719,3,1,1,1,0,C
1720,3,2,1,1,0,C
1721,3,3,1,1,0,C
1722,3,4,1,1,0,C
1723,3,5,1,1,0,C
1724,3,6,1,1,0,C
1725,3,7,1,1,0,C
1726,3,8,1,1,0,C
1727,3,9,1,1,0,C
1728,3,10,1,1,0,C
1729,3,11,1,1,0,C
1730,3,12,1,1,0,C
1731,3,13,1,1,0,C
1732,3,14,1,1,0,C
1733,3,15,1,1,0,C
1734,3,16,1,1,0,C
1735,3,17,1,1,0,C
1736,3,18,1,1,0,C
1737,3,19,1,1,0,C
1738,3,20,1,1,0,C
1739,3,21,1,1,0,C
1740,3,22,1,1,0,C
1741,3,23,1,1,0,C
1742,3,24,1,1,0,C
1743,3,25,1,1,0,C
1744,3,26,1,1,0,C
1745,3,27,1,1,0,C
1746,3,28,1,1,0,C
1747,3,29,1,1,0,C
1748,3,30,1,1,0,C
1749,3,31,1,1,0,C
1750,3,32,1,1,0,C
1751,3,33,1,1,0,C
1752,3,34,1,1,0,C
1753,3,35,1,1,0,C
1754,3,36,1,1,0,C
1755,3,37,1,1,0,C
1756,3,38,1,1,0,C
1757,3,39,1,1,0,C
1758,3,40,1,1,0,C
1759,3,41,1,1,0,C
1760,3,42,1,1,0,C
1761,3,43,1,1,0,C
1762,3,44,1,1,0,C
1763,3,45,1,1,0,C
1764,3,46,1,1,0,C
1765,3,47,1,1,0,C
1766,3,48,1,1,0,C
1767,3,49,1,1,0,C
1768,3,50,1,1,0,C
1769,3,51,1,1,0,C
1770,3,52,1,1,0,C
1771,3,53,1,1,0,C
1772,3,54,1,1,0,C
1773,3,55,1,1,0,C
1774,3,56,1,1,0,C
1775,3,57,1,1,0,C
1776,3,58,1,1,0,C
1777,3,59,1,1,0,C
1778,3,60,1,1,0,C
1779,3,61,1,1,0,C
1780,3,62,1,1,0,C
1781,3,63,1,1,0,C
1782,3,64,1,1,0,C
1783,3,65,1,1,0,C
1784,3,66,1,1,0,C
1785,3,67,1,1,0,C
1786,3,68,1,1,0,C
1787,3,69,1,1,0,C
1788,3,70,1,1,0,C
1789,3,71,1,1,0,C
1790,3,72,1,1,0,C
1791,3,73,1,1,0,C
1792,3,74,1,1,0,C
1793,3,75,1,1,0,C
1794,3,76,1,1,0,C
1795,3,77,1,1,0,C
1796,3,78,1,1,0,C
1797,3,79,1,1,0,C
1798,3,80,1,1,0,C
1799,3,81,1,1,0,C
1800,3,82,1,1,0,C
1801,3,83,1,1,0,C
1802,3,84,1,1,0,C
1803,3,85,1,1,0,C
1804,3,86,1,1,0,C
1805,3,87,1,1,0,C
1806,3,88,1,1,0,C
1807,3,89,1,1,0,C
1808,3,90,1,1,0,C
1809,3,91,1,1,0,C
1810,3,92,1,1,0,C
1811,3,93,1,1,0,C
1812,3,94,1,1,0,C
1813,3,95,1,1,0,C
1814,3,96,1,1,0,C
1815,3,97,1,1,0,C
1816,3,98,1,1,0,C
1817,3,99,1,1,0,C
1818,3,100,1,1,0,C
1819,4,0,1,1,0,D
1820,4,1,1,1,0,D
1821,4,2,1,1,0,D
1822,4,3,1,1,0,D
1823,4,4,1,1,0,D
1824,4,5,1,1,0,D
1825,4,6,1,1,0,D
1826,4,7,1,1,0,D
1827,4,8,1,1,0,D
1828,4,9,1,1,0,D
1829,4,10,1,1,0,D
1830,4,11,1,1,0,D
1831,4,12,1,1,0,D
1832,4,13,1,1,0,D
1833,4,14,1,1,0,D
1834,4,15,1,1,0,D
1835,4,16,1,1,0,D
1836,4,17,1,1,0,D
1837,4,18,1,1,0,D
1838,4,19,1,1,0,D
1839,4,20,1,1,0,D
1840,4,21,1,1,0,D
1841,4,22,1,1,0,D
1842,4,23,1,1,0,D
1843,4,24,1,1,0,D
1844,4,25,1,1,0,D
1845,4,26,1,1,0,D
1846,4,27,1,1,0,D
1847,4,28,1,1,0,D
1848,4,29,1,1,0,D
1849,4,30,1,1,0,D
1850,4,31,1,1,0,D
1851,4,32,1,1,0,D
1852,4,33,1,1,0,D
1853,4,34,1,1,0,D
1854,4,35,1,1,0,D
1855,4,36,1,1,0,D
1856,4,37,1,1,0,D
1857,4,38,1,1,0,D
1858,4,39,1,1,0,D
1859,4,40,1,1,0,D
1860,4,41,1,1,0,D
1861,4,42,1,1,0,D
1862,4,43,1,1,0,D
1863,4,44,1,1,0,D
1864,4,45,1,1,0,D
1865,4,46,1,1,0,D
1866,4,47,1,1,0,D
1867,4,48,1,1,0,D
1868,4,49,1,1,0,D
1869,4,50,1,1,0,D
1870,4,51,1,1,0,D
1871,4,52,1,1,0,D
1872,4,53,1,1,0,D
1873,4,54,1,1,0,D
1874,4,55,1,1,0,D
1875,4,56,1,1,0,D
1876,4,57,1,1,0,D
1877,4,58,1,1,0,D
1878,4,59,1,1,0,D
1879,4,60,1,1,0,D
1880,4,61,1,1,0,D
1881,4,62,1,1,0,D
1882,4,63,1,1,0,D
1883,4,64,1,1,0,D
1884,4,65,1,1,0,D
1885,4,66,1,1,0,D
1886,4,67,1,1,0,D
1887,4,68,1,1,0,D
1888,4,69,1,1,0,D
1889,4,70,1,1,0,D
1890,4,71,1,1,0,D
1891,4,72,1,1,0,D
1892,4,73,1,1,0,D
1893,4,74,1,1,0,D
1894,4,75,1,1,0,D
1895,4,76,1,1,0,D
1896,4,77,1,1,0,D
1897,4,78,1,1,0,D
1898,4,79,1,1,0,D
1899,4,80,1,1,0,D
1900,4,81,1,1,0,D
1901,4,82,1,1,0,D
1902,4,83,1,1,0,D
1903,4,84,1,1,0,D
1904,4,85,1,1,0,D
1905,4,86,1,1,0,D
1906,4,87,1,1,0,D
1907,4,88,1,1,0,D
1908,4,89,1,1,0,D
1909,4,90,1,1,0,D
1910,4,91,1,1,0,D
1911,4,92,1,1,0,D
1912,4,93,1,1,0,D
1913,4,94,1,1,0,D
1914,4,95,1,1,0,D
1915,4,96,1,1,0,D
1916,4,97,1,1,0,D
1917,4,98,1,1,0,D
1918,4,99,1,1,0,D
1919,4,100,1,1,0,D
1920,5,0,1,1,0,E
1921,5,1,1,1,0,E
1922,5,2,1,1,0,E
1923,5,3,1,1,0,E
1924,5,4,1,1,0,E
1925,5,5,1,1,0,E
1926,5,6,1,1,0,E
1927,5,7,1,1,0,E
1928,5,8,1,1,0,E
1929,5,9,1,1,0,E
1930,5,10,1,1,0,E
1931,5,11,1,1,0,E
1932,5,12,1,1,0,E
1933,5,13,1,1,0,E
1934,5,14,1,1,0,E
1935,5,15,1,1,0,E
1936,5,16,1,1,0,E
1937,5,17,1,1,0,E
1938,5,18,1,1,0,E
1939,5,19,1,1,0,E
1940,5,20,1,1,0,E
1941,5,21,1,1,0,E
1942,5,22,1,1,0,E
1943,5,23,1,1,0,E
1944,5,24,1,1,0,E
1945,5,25,1,1,0,E
1946,5,26,1,1,0,E
1947,5,27,1,1,0,E
1948,5,28,1,1,0,E
1949,5,29,1,1,0,E
1950,5,30,1,1,0,E
1951,5,31,1,1,0,E
1952,5,32,1,1,0,E
1953,5,33,1,1,0,E
1954,5,34,1,1,0,E
1955,5,35,1,1,0,E
1956,5,36,1,1,0,E
1957,5,37,1,1,0,E
1958,5,38,1,1,0,E
1959,5,39,1,1,0,E
1960,5,40,1,1,0,E
1961,5,41,1,1,0,E
1962,5,42,1,1,0,E
1963,5,43,1,1,0,E
1964,5,44,1,1,0,E
1965,5,45,1,1,0,E
1966,5,46,1,1,0,E
1967,5,47,1,1,0,E
1968,5,48,1,1,0,E
1969,5,49,1,1,0,E
1970,5,50,1,1,0,E
1971,5,51,1,1,0,E
1972,5,52,1,1,0,E
1973,5,53,1,1,0,E
1974,5,54,1,1,0,E
1975,5,55,1,1,0,E
1976,5,56,1,1,0,E
1977,5,57,1,1,0,E
1978,5,58,1,1,0,E
1979,5,59,1,1,0,E
1980,5,60,1,1,0,E
1981,5,61,1,1,0,E
1982,5,62,1,1,0,E
1983,5,63,1,1,0,E
1984,5,64,1,1,0,E
1985,5,65,1,1,0,E
1986,5,66,1,1,0,E
1987,5,67,1,1,0,E
1988,5,68,1,1,0,E
1989,5,69,1,1,0,E
1990,5,70,1,1,0,E
1991,5,71,1,1,0,E
1992,5,72,1,1,0,E
1993,5,73,1,1,0,E
1994,5,74,1,1,0,E
1995,5,75,1,1,0,E
1996,5,76,1,1,0,E
1997,5,77,1,1,0,E
1998,5,78,1,1,0,E
1999,5,79,1,1,0,E
2000,5,80,1,1,0,E
2001,5,81,1,1,0,E
2002,5,82,1,1,0,E
2003,5,83,1,1,0,E
2004,5,84,1,1,0,E
2005,5,85,1,1,0,E
2006,5,86,1,1,0,E
2007,5,87,1,1,0,E
2008,5,88,1,1,0,E
2009,5,89,1,1,0,E
2010,5,90,1,1,0,E
2011,5,91,1,1,0,E
2012,5,92,1,1,0,E
2013,5,93,1,1,0,E
2014,5,94,1,1,0,E
2015,5,95,1,1,0,E
2016,5,96,1,1,0,E
2017,5,97,1,1,0,E
2018,5,98,1,1,0,E
2019,5,99,1,1,0,E
2020,5,100,1,1,0,E
2021,1,0,0,0,1,A
2022,1,1,0,0,1,A
2023,1,2,0,0,1,A
2024,1,3,0,0,1,A
2025,1,4,0,0,1,A
2026,1,5,0,0,1,A
2027,1,6,0,0,1,A
2028,1,7,0,0,1,A
2029,1,8,0,0,1,A
2030,1,9,0,0,1,A
2031,1,10,0,0,1,A
2032,1,11,0,0,1,A
2033,1,12,0,0,1,A
2034,1,13,0,0,1,A
2035,1,14,0,0,1,A
2036,1,15,0,0,1,A
2037,1,16,0,0,1,A
2038,1,17,0,0,1,A
2039,1,18,0,0,1,A
2040,1,19,0,0,1,A
2041,1,20,0,0,1,A
2042,1,21,0,0,1,A
2043,1,22,0,0,1,A
2044,1,23,0,0,1,A
2045,1,24,0,0,1,A
2046,1,25,0,0,1,A
2047,1,26,0,0,1,A
2048,1,27,0,0,1,A
2049,1,28,0,0,1,A
2050,1,29,0,0,1,A
2051,1,30,0,0,1,A
2052,1,31,0,0,1,A
2053,1,32,0,0,1,A
2054,1,33,0,0,1,A
2055,1,34,0,0,1,A
2056,1,35,0,0,1,A
2057,1,36,0,0,1,A
2058,1,37,0,0,1,A
2059,1,38,0,0,1,A
2060,1,39,0,0,1,A
2061,1,40,0,0,1,A
2062,1,41,0,0,1,A
2063,1,42,0,0,1,A
2064,1,43,0,0,1,A
2065,1,44,0,0,1,A
2066,1,45,0,0,1,A
2067,1,46,0,0,1,A
2068,1,47,0,0,1,A
2069,1,48,0,0,1,A
2070,1,49,0,0,1,A
2071,1,50,0,0,1,A
2072,1,51,0,0,1,A
2073,1,52,0,0,1,A
2074,1,53,0,0,1,A
2075,1,54,0,0,1,A
2076,1,55,0,0,1,A
2077,1,56,0,0,1,A
2078,1,57,0,0,1,A
2079,1,58,0,0,1,A
2080,1,59,0,0,1,A
2081,1,60,0,0,1,A
2082,1,61,0,0,1,A
2083,1,62,0,0,1,A
2084,1,63,0,0,1,A
2085,1,64,0,0,1,A
2086,1,65,0,0,1,A
2087,1,66,0,0,1,A
2088,1,67,0,0,1,A
2089,1,68,0,0,1,A
2090,1,69,0,0,1,A
2091,1,70,0,0,1,A
2092,1,71,0,0,1,A
2093,1,72,0,0,1,A
2094,1,73,0,0,1,A
2095,1,74,0,0,1,A
2096,1,75,0,0,1,A
2097,1,76,0,0,1,A
2098,1,77,0,0,1,A
2099,1,78,0,0,1,A
2100,1,79,0,0,1,A
2101,1,80,0,0,1,A
2102,1,81,0,0,1,A
2103,1,82,0,0,1,A
2104,1,83,0,0,1,A
2105,1,84,0,0,1,A
2106,1,85,0,0,1,A
2107,1,86,0,0,1,A
2108,1,87,0,0,1,A
2109,1,88,0,0,1,A
2110,1,89,0,0,1,A
2111,1,90,0,0,1,A
2112,1,91,0,0,1,A
2113,1,92,0,0,1,A
2114,1,93,0,0,1,A
2115,1,94,0,0,1,A
2116,1,95,0,0,1,A
2117,1,96,0,0,1,A
2118,1,97,0,0,1,A
2119,1,98,0,0,1,A
2120,1,99,0,0,1,A
2121,1,100,0,0,1,A
2122,2,0,0,0,1,B
2123,2,1,0,0,1,B
2124,2,2,0,0,1,B
2125,2,3,0,0,1,B
2126,2,4,0,0,1,B
2127,2,5,0,0,1,B
2128,2,6,0,0,1,B
2129,2,7,0,0,1,B
2130,2,8,0,0,1,B
2131,2,9,0,0,1,B
2132,2,10,0,0,1,B
2133,2,11,0,0,1,B
2134,2,12,0,0,1,B
2135,2,13,0,0,1,B
2136,2,14,0,0,1,B
2137,2,15,0,0,1,B
2138,2,16,0,0,1,B
2139,2,17,0,0,1,B
2140,2,18,0,0,1,B
2141,2,19,0,0,1,B
2142,2,20,0,0,1,B
2143,2,21,0,0,1,B
2144,2,22,0,0,1,B
2145,2,23,0,0,1,B
2146,2,24,0,0,1,B
2147,2,25,0,0,1,B
2148,2,26,0,0,1,B
2149,2,27,0,0,1,B
2150,2,28,0,0,1,B
2151,2,29,0,0,1,B
2152,2,30,0,0,1,B
2153,2,31,0,0,1,B
2154,2,32,0,0,1,B
2155,2,33,0,0,1,B
2156,2,34,0,0,1,B
2157,2,35,0,0,1,B
2158,2,36,0,0,1,B
2159,2,37,0,0,1,B
2160,2,38,0,0,1,B
2161,2,39,0,0,1,B
2162,2,40,0,0,1,B
2163,2,41,0,0,1,B
2164,2,42,0,0,1,B
2165,2,43,0,0,1,B
2166,2,44,0,0,1,B
2167,2,45,0,0,1,B
2168,2,46,0,0,1,B
2169,2,47,0,0,1,B
2170,2,48,0,0,1,B
2171,2,49,0,0,1,B
2172,2,50,0,0,1,B
2173,2,51,0,0,1,B
2174,2,52,0,0,1,B
2175,2,53,0,0,1,B
2176,2,54,0,0,1,B
2177,2,55,0,0,1,B
2178,2,56,0,0,1,B
2179,2,57,0,0,1,B
2180,2,58,0,0,1,B
2181,2,59,0,0,1,B
2182,2,60,0,0,1,B
2183,2,61,0,0,1,B
2184,2,62,0,0,1,B
2185,2,63,0,0,1,B
2186,2,64,0,0,1,B
2187,2,65,0,0,1,B
2188,2,66,0,0,1,B
2189,2,67,0,0,1,B
2190,2,68,0,0,1,B
2191,2,69,0,0,1,B
2192,2,70,0,0,1,B
2193,2,71,0,0,1,B
2194,2,72,0,0,1,B
2195,2,73,0,0,1,B
2196,2,74,0,0,1,B
2197,2,75,0,0,1,B
2198,2,76,0,0,1,B
2199,2,77,0,0,1,B
2200,2,78,0,0,1,B
2201,2,79,0,0,1,B
2202,2,80,0,0,1,B
2203,2,81,0,0,1,B
2204,2,82,0,0,1,B
2205,2,83,0,0,1,B
2206,2,84,0,0,1,B
2207,2,85,0,0,1,B
2208,2,86,0,0,1,B
2209,2,87,0,0,1,B
2210,2,88,0,0,1,B
2211,2,89,0,0,1,B
2212,2,90,0,0,1,B
2213,2,91,0,0,1,B
2214,2,92,0,0,1,B
2215,2,93,0,0,1,B
2216,2,94,0,0,1,B
2217,2,95,0,0,1,B
2218,2,96,0,0,1,B
2219,2,97,0,0,1,B
2220,2,98,0,0,1,B
2221,2,99,0,0,1,B
2222,2,100,0,0,1,B
2223,3,0,0,0,1,C
2224,3,1,0,0,1,C
2225,3,2,0,0,1,C
2226,3,3,0,0,1,C
2227,3,4,0,0,1,C
2228,3,5,0,0,1,C
2229,3,6,0,0,1,C
2230,3,7,0,0,1,C
2231,3,8,0,0,1,C
2232,3,9,0,0,1,C
2233,3,10,0,0,1,C
2234,3,11,0,0,1,C
2235,3,12,0,0,1,C
2236,3,13,0,0,1,C
2237,3,14,0,0,1,C
2238,3,15,0,0,1,C
2239,3,16,0,0,1,C
2240,3,17,0,0,1,C
2241,3,18,0,0,1,C
2242,3,19,0,0,1,C
2243,3,20,0,0,1,C
2244,3,21,0,0,1,C
2245,3,22,0,0,1,C
2246,3,23,0,0,1,C
2247,3,24,0,0,1,C
2248,3,25,0,0,1,C
2249,3,26,0,0,1,C
2250,3,27,0,0,1,C
2251,3,28,0,0,1,C
2252,3,29,0,0,1,C
2253,3,30,0,0,1,C
2254,3,31,0,0,1,C
2255,3,32,0,0,1,C
2256,3,33,0,0,1,C
2257,3,34,0,0,1,C
2258,3,35,0,0,1,C
2259,3,36,0,0,1,C
2260,3,37,0,0,1,C
2261,3,38,0,0,1,C
2262,3,39,0,0,1,C
2263,3,40,0,0,1,C
2264,3,41,0,0,1,C
2265,3,42,0,0,1,C
2266,3,43,0,0,1,C
2267,3,44,0,0,1,C
2268,3,45,0,0,1,C
2269,3,46,0,0,1,C
2270,3,47,0,0,1,C
2271,3,48,0,0,1,C
2272,3,49,0,0,1,C
2273,3,50,0,0,1,C
2274,3,51,0,0,1,C
2275,3,52,0,0,1,C
2276,3,53,0,0,1,C
2277,3,54,0,0,1,C
2278,3,55,0,0,1,C
2279,3,56,0,0,1,C
2280,3,57,0,0,1,C
2281,3,58,0,0,1,C
2282,3,59,0,0,1,C
2283,3,60,0,0,1,C
2284,3,61,0,0,1,C
2285,3,62,0,0,1,C
2286,3,63,0,0,1,C
2287,3,64,0,0,1,C
2288,3,65,0,0,1,C
2289,3,66,0,0,1,C
2290,3,67,0,0,1,C
2291,3,68,0,0,1,C
2292,3,69,0,0,1,C
2293,3,70,0,0,1,C
2294,3,71,0,0,1,C
2295,3,72,0,0,1,C
2296,3,73,0,0,1,C
2297,3,74,0,0,1,C
2298,3,75,0,0,1,C
2299,3,76,0,0,1,C
2300,3,77,0,0,1,C
2301,3,78,0,0,1,C
2302,3,79,0,0,1,C
2303,3,80,0,0,1,C
2304,3,81,0,0,1,C
2305,3,82,0,0,1,C
2306,3,83,0,0,1,C
2307,3,84,0,0,1,C
2308,3,85,0,0,1,C
2309,3,86,0,0,1,C
2310,3,87,0,0,1,C
2311,3,88,0,0,1,C
2312,3,89,0,0,1,C
2313,3,90,0,0,1,C
2314,3,91,0,0,1,C
2315,3,92,0,0,1,C
2316,3,93,0,0,1,C
2317,3,94,0,0,1,C
2318,3,95,0,0,1,C
2319,3,96,0,0,1,C
2320,3,97,0,0,1,C
2321,3,98,0,0,1,C
2322,3,99,0,0,1,C
2323,3,100,0,0,1,C
2324,4,0,0,0,1,D
2325,4,1,0,0,1,D
2326,4,2,0,0,1,D
2327,4,3,0,0,1,D
2328,4,4,0,0,1,D
2329,4,5,0,0,1,D
2330,4,6,0,0,1,D
2331,4,7,0,0,1,D
2332,4,8,0,0,1,D
2333,4,9,0,0,1,D
2334,4,10,0,0,1,D
2335,4,11,0,0,1,D
2336,4,12,0,0,1,D
2337,4,13,0,0,1,D
2338,4,14,0,0,1,D
2339,4,15,0,0,1,D
2340,4,16,0,0,1,D
2341,4,17,0,0,1,D
2342,4,18,0,0,1,D
2343,4,19,0,0,1,D
2344,4,20,0,0,1,D
2345,4,21,0,0,1,D
2346,4,22,0,0,1,D
2347,4,23,0,0,1,D
2348,4,24,0,0,1,D
2349,4,25,0,0,1,D
2350,4,26,0,0,1,D
2351,4,27,0,0,1,D
2352,4,28,0,0,1,D
2353,4,29,0,0,1,D
2354,4,30,0,0,1,D
2355,4,31,0,0,1,D
2356,4,32,0,0,1,D
2357,4,33,0,0,1,D
2358,4,34,0,0,1,D
2359,4,35,0,0,1,D
2360,4,36,0,0,1,D
2361,4,37,0,0,1,D
2362,4,38,0,0,1,D
2363,4,39,0,0,1,D
2364,4,40,0,0,1,D
2365,4,41,0,0,1,D
2366,4,42,0,0,1,D
2367,4,43,0,0,1,D
2368,4,44,0,0,1,D
2369,4,45,0,0,1,D
2370,4,46,0,0,1,D
2371,4,47,0,0,1,D
2372,4,48,0,0,1,D
2373,4,49,0,0,1,D
2374,4,50,0,0,1,D
2375,4,51,0,0,1,D
2376,4,52,0,0,1,D
2377,4,53,0,0,1,D
2378,4,54,0,0,1,D
2379,4,55,0,0,1,D
2380,4,56,0,0,1,D
2381,4,57,0,0,1,D
2382,4,58,0,0,1,D
2383,4,59,0,0,1,D
2384,4,60,0,0,1,D
2385,4,61,0,0,1,D
2386,4,62,0,0,1,D
2387,4,63,0,0,1,D
2388,4,64,0,0,1,D
2389,4,65,0,0,1,D
2390,4,66,0,0,1,D
2391,4,67,0,0,1,D
2392,4,68,0,0,1,D
2393,4,69,0,0,1,D
2394,4,70,0,0,1,D
2395,4,71,0,0,1,D
2396,4,72,0,0,1,D
2397,4,73,0,0,1,D
2398,4,74,0,0,1,D
2399,4,75,0,0,1,D
2400,4,76,0,0,1,D
2401,4,77,0,0,1,D
2402,4,78,0,0,1,D
2403,4,79,0,0,1,D
2404,4,80,0,0,1,D
2405,4,81,0,0,1,D
2406,4,82,0,0,1,D
2407,4,83,0,0,1,D
2408,4,84,0,0,1,D
2409,4,85,0,0,1,D
2410,4,86,0,0,1,D
2411,4,87,0,0,1,D
2412,4,88,0,0,1,D
2413,4,89,0,0,1,D
2414,4,90,0,0,1,D
2415,4,91,0,0,1,D
2416,4,92,0,0,1,D
2417,4,93,0,0,1,D
2418,4,94,0,0,1,D
2419,4,95,0,0,1,D
2420,4,96,0,0,1,D
2421,4,97,0,0,1,D
2422,4,98,0,0,1,D
2423,4,99,0,0,1,D
2424,4,100,0,0,1,D
2425,5,0,0,0,1,E
2426,5,1,0,0,1,E
2427,5,2,0,0,1,E
2428,5,3,0,0,1,E
2429,5,4,0,0,1,E
2430,5,5,0,0,1,E
2431,5,6,0,0,1,E
2432,5,7,0,0,1,E
2433,5,8,0,0,1,E
2434,5,9,0,0,1,E
2435,5,10,0,0,1,E
2436,5,11,0,0,1,E
2437,5,12,0,0,1,E
2438,5,13,0,0,1,E
2439,5,14,0,0,1,E
2440,5,15,0,0,1,E
2441,5,16,0,0,1,E
2442,5,17,0,0,1,E
2443,5,18,0,0,1,E
2444,5,19,0,0,1,E
2445,5,20,0,0,1,E
2446,5,21,0,0,1,E
2447,5,22,0,0,1,E
2448,5,23,0,0,1,E
2449,5,24,0,0,1,E
2450,5,25,0,0,1,E
2451,5,26,0,0,1,E
2452,5,27,0,0,1,E
2453,5,28,0,0,1,E
2454,5,29,0,0,1,E
2455,5,30,0,0,1,E
2456,5,31,0,0,1,E
2457,5,32,0,0,1,E
2458,5,33,0,0,1,E
2459,5,34,0,0,1,E
2460,5,35,0,0,1,E
2461,5,36,0,0,1,E
2462,5,37,0,0,1,E
2463,5,38,0,0,1,E
2464,5,39,0,0,1,E
2465,5,40,0,0,1,E
2466,5,41,0,0,1,E
2467,5,42,0,0,1,E
2468,5,43,0,0,1,E
2469,5,44,0,0,1,E
2470,5,45,0,0,1,E
2471,5,46,0,0,1,E
2472,5,47,0,0,1,E
2473,5,48,0,0,1,E
2474,5,49,0,0,1,E
2475,5,50,0,0,1,E
2476,5,51,0,0,1,E
2477,5,52,0,0,1,E
2478,5,53,0,0,1,E
2479,5,54,0,0,1,E
2480,5,55,0,0,1,E
2481,5,56,0,0,1,E
2482,5,57,0,0,1,E
2483,5,58,0,0,1,E
2484,5,59,0,0,1,E
2485,5,60,0,0,1,E
2486,5,61,0,0,1,E
2487,5,62,0,0,1,E
2488,5,63,0,0,1,E
2489,5,64,0,0,1,E
2490,5,65,0,0,1,E
2491,5,66,0,0,1,E
2492,5,67,0,0,1,E
2493,5,68,0,0,1,E
2494,5,69,0,0,1,E
2495,5,70,0,0,1,E
2496,5,71,0,0,1,E
2497,5,72,0,0,1,E
2498,5,73,0,0,1,E
2499,5,74,0,0,1,E
2500,5,75,0,0,1,E
2501,5,76,0,0,1,E
2502,5,77,0,0,1,E
2503,5,78,0,0,1,E
2504,5,79,0,0,1,E
2505,5,80,0,0,1,E
2506,5,81,0,0,1,E
2507,5,82,0,0,1,E
2508,5,83,0,0,1,E
2509,5,84,0,0,1,E
2510,5,85,0,0,1,E
2511,5,86,0,0,1,E
2512,5,87,0,0,1,E
2513,5,88,0,0,1,E
2514,5,89,0,0,1,E
2515,5,90,0,0,1,E
2516,5,91,0,0,1,E
2517,5,92,0,0,1,E
2518,5,93,0,0,1,E
2519,5,94,0,0,1,E
2520,5,95,0,0,1,E
2521,5,96,0,0,1,E
2522,5,97,0,0,1,E
2523,5,98,0,0,1,E
2524,5,99,0,0,1,E
2525,5,100,0,0,1,E
2526,1,0,1,0,1,A
2527,1,1,1,0,1,A
2528,1,2,1,0,1,A
2529,1,3,1,0,1,A
2530,1,4,1,0,1,A
2531,1,5,1,0,1,A
2532,1,6,1,0,1,A
2533,1,7,1,0,1,A
2534,1,8,1,0,1,A
2535,1,9,1,0,1,A
2536,1,10,1,0,1,A
2537,1,11,1,0,1,A
2538,1,12,1,0,1,A
2539,1,13,1,0,1,A
2540,1,14,1,0,1,A
2541,1,15,1,0,1,A
2542,1,16,1,0,1,A
2543,1,17,1,0,1,A
2544,1,18,1,0,1,A
2545,1,19,1,0,1,A
2546,1,20,1,0,1,A
2547,1,21,1,0,1,A
2548,1,22,1,0,1,A
2549,1,23,1,0,1,A
2550,1,24,1,0,1,A
2551,1,25,1,0,1,A
2552,1,26,1,0,1,A
2553,1,27,1,0,1,A
2554,1,28,1,0,1,A
2555,1,29,1,0,1,A
2556,1,30,1,0,1,A
2557,1,31,1,0,1,A
2558,1,32,1,0,1,A
2559,1,33,1,0,1,A
2560,1,34,1,0,1,A
2561,1,35,1,0,1,A
2562,1,36,1,0,1,A
2563,1,37,1,0,1,A
2564,1,38,1,0,1,A
2565,1,39,1,0,1,A
2566,1,40,1,0,1,A
2567,1,41,1,0,1,A
2568,1,42,1,0,1,A
2569,1,43,1,0,1,A
2570,1,44,1,0,1,A
2571,1,45,1,0,1,A
2572,1,46,1,0,1,A
2573,1,47,1,0,1,A
2574,1,48,1,0,1,A
2575,1,49,1,0,1,A
2576,1,50,1,0,1,A
2577,1,51,1,0,1,A
2578,1,52,1,0,1,A
2579,1,53,1,0,1,A
2580,1,54,1,0,1,A
2581,1,55,1,0,1,A
2582,1,56,1,0,1,A
2583,1,57,1,0,1,A
2584,1,58,1,0,1,A
2585,1,59,1,0,1,A
2586,1,60,1,0,1,A
2587,1,61,1,0,1,A
2588,1,62,1,0,1,A
2589,1,63,1,0,1,A
2590,1,64,1,0,1,A
2591,1,65,1,0,1,A
2592,1,66,1,0,1,A
2593,1,67,1,0,1,A
2594,1,68,1,0,1,A
2595,1,69,1,0,1,A
2596,1,70,1,0,1,A
2597,1,71,1,0,1,A
2598,1,72,1,0,1,A
2599,1,73,1,0,1,A
2600,1,74,1,0,1,A
2601,1,75,1,0,1,A
2602,1,76,1,0,1,A
2603,1,77,1,0,1,A
2604,1,78,1,0,1,A
2605,1,79,1,0,1,A
2606,1,80,1,0,1,A
2607,1,81,1,0,1,A
2608,1,82,1,0,1,A
2609,1,83,1,0,1,A
2610,1,84,1,0,1,A
2611,1,85,1,0,1,A
2612,1,86,1,0,1,A
2613,1,87,1,0,1,A
2614,1,88,1,0,1,A
2615,1,89,1,0,1,A
2616,1,90,1,0,1,A
2617,1,91,1,0,1,A
2618,1,92,1,0,1,A
2619,1,93,1,0,1,A
2620,1,94,1,0,1,A
2621,1,95,1,0,1,A
2622,1,96,1,0,1,A
2623,1,97,1,0,1,A
2624,1,98,1,0,1,A
2625,1,99,1,0,1,A
2626,1,100,1,0,1,A
2627,2,0,1,0,1,B
2628,2,1,1,0,1,B
2629,2,2,1,0,1,B
2630,2,3,1,0,1,B
2631,2,4,1,0,1,B
2632,2,5,1,0,1,B
2633,2,6,1,0,1,B
2634,2,7,1,0,1,B
2635,2,8,1,0,1,B
2636,2,9,1,0,1,B
2637,2,10,1,0,1,B
2638,2,11,1,0,1,B
2639,2,12,1,0,1,B
2640,2,13,1,0,1,B
2641,2,14,1,0,1,B
2642,2,15,1,0,1,B
2643,2,16,1,0,1,B
2644,2,17,1,0,1,B
2645,2,18,1,0,1,B
2646,2,19,1,0,1,B
2647,2,20,1,0,1,B
2648,2,21,1,0,1,B
2649,2,22,1,0,1,B
2650,2,23,1,0,1,B
2651,2,24,1,0,1,B
2652,2,25,1,0,1,B
2653,2,26,1,0,1,B
2654,2,27,1,0,1,B
2655,2,28,1,0,1,B
2656,2,29,1,0,1,B
2657,2,30,1,0,1,B
2658,2,31,1,0,1,B
2659,2,32,1,0,1,B
2660,2,33,1,0,1,B
2661,2,34,1,0,1,B
2662,2,35,1,0,1,B
2663,2,36,1,0,1,B
2664,2,37,1,0,1,B
2665,2,38,1,0,1,B
2666,2,39,1,0,1,B
2667,2,40,1,0,1,B
2668,2,41,1,0,1,B
2669,2,42,1,0,1,B
2670,2,43,1,0,1,B
2671,2,44,1,0,1,B
2672,2,45,1,0,1,B
2673,2,46,1,0,1,B
2674,2,47,1,0,1,B
2675,2,48,1,0,1,B
2676,2,49,1,0,1,B
2677,2,50,1,0,1,B
2678,2,51,1,0,1,B
2679,2,52,1,0,1,B
2680,2,53,1,0,1,B
2681,2,54,1,0,1,B
2682,2,55,1,0,1,B
2683,2,56,1,0,1,B
2684,2,57,1,0,1,B
2685,2,58,1,0,1,B
2686,2,59,1,0,1,B
2687,2,60,1,0,1,B
2688,2,61,1,0,1,B
2689,2,62,1,0,1,B
2690,2,63,1,0,1,B
2691,2,64,1,0,1,B
2692,2,65,1,0,1,B
2693,2,66,1,0,1,B
2694,2,67,1,0,1,B
2695,2,68,1,0,1,B
2696,2,69,1,0,1,B
2697,2,70,1,0,1,B
2698,2,71,1,0,1,B
2699,2,72,1,0,1,B
2700,2,73,1,0,1,B
2701,2,74,1,0,1,B
2702,2,75,1,0,1,B
2703,2,76,1,0,1,B
2704,2,77,1,0,1,B
2705,2,78,1,0,1,B
2706,2,79,1,0,1,B
2707,2,80,1,0,1,B
2708,2,81,1,0,1,B
2709,2,82,1,0,1,B
2710,2,83,1,0,1,B
2711,2,84,1,0,1,B
2712,2,85,1,0,1,B
2713,2,86,1,0,1,B
2714,2,87,1,0,1,B
2715,2,88,1,0,1,B
2716,2,89,1,0,1,B
2717,2,90,1,0,1,B
2718,2,91,1,0,1,B
2719,2,92,1,0,1,B
2720,2,93,1,0,1,B
2721,2,94,1,0,1,B
2722,2,95,1,0,1,B
2723,2,96,1,0,1,B
2724,2,97,1,0,1,B
2725,2,98,1,0,1,B
2726,2,99,1,0,1,B
2727,2,100,1,0,1,B
2728,3,0,1,0,1,C
2729,3,1,1,0,1,C
2730,3,2,1,0,1,C
2731,3,3,1,0,1,C
2732,3,4,1,0,1,C
2733,3,5,1,0,1,C
2734,3,6,1,0,1,C
2735,3,7,1,0,1,C
2736,3,8,1,0,1,C
2737,3,9,1,0,1,C
2738,3,10,1,0,1,C
2739,3,11,1,0,1,C
2740,3,12,1,0,1,C
2741,3,13,1,0,1,C
2742,3,14,1,0,1,C
2743,3,15,1,0,1,C
2744,3,16,1,0,1,C
2745,3,17,1,0,1,C
2746,3,18,1,0,1,C
2747,3,19,1,0,1,C
2748,3,20,1,0,1,C
2749,3,21,1,0,1,C
2750,3,22,1,0,1,C
2751,3,23,1,0,1,C
2752,3,24,1,0,1,C
2753,3,25,1,0,1,C
2754,3,26,1,0,1,C
2755,3,27,1,0,1,C
2756,3,28,1,0,1,C
2757,3,29,1,0,1,C
2758,3,30,1,0,1,C
2759,3,31,1,0,1,C
2760,3,32,1,0,1,C
2761,3,33,1,0,1,C
2762,3,34,1,0,1,C
2763,3,35,1,0,1,C
2764,3,36,1,0,1,C
2765,3,37,1,0,1,C
2766,3,38,1,0,1,C
2767,3,39,1,0,1,C
2768,3,40,1,0,1,C
2769,3,41,1,0,1,C
2770,3,42,1,0,1,C
2771,3,43,1,0,1,C
2772,3,44,1,0,1,C
2773,3,45,1,0,1,C
2774,3,46,1,0,1,C
2775,3,47,1,0,1,C
2776,3,48,1,0,1,C
2777,3,49,1,0,1,C
2778,3,50,1,0,1,C
2779,3,51,1,0,1,C
2780,3,52,1,0,1,C
2781,3,53,1,0,1,C
2782,3,54,1,0,1,C
2783,3,55,1,0,1,C
2784,3,56,1,0,1,C
2785,3,57,1,0,1,C
2786,3,58,1,0,1,C
2787,3,59,1,0,1,C
2788,3,60,1,0,1,C
2789,3,61,1,0,1,C
2790,3,62,1,0,1,C
2791,3,63,1,0,1,C
2792,3,64,1,0,1,C
2793,3,65,1,0,1,C
2794,3,66,1,0,1,C
2795,3,67,1,0,1,C
2796,3,68,1,0,1,C
2797,3,69,1,0,1,C
2798,3,70,1,0,1,C
2799,3,71,1,0,1,C
2800,3,72,1,0,1,C
2801,3,73,1,0,1,C
2802,3,74,1,0,1,C
2803,3,75,1,0,1,C
2804,3,76,1,0,1,C
2805,3,77,1,0,1,C
2806,3,78,1,0,1,C
2807,3,79,1,0,1,C
2808,3,80,1,0,1,C
2809,3,81,1,0,1,C
2810,3,82,1,0,1,C
2811,3,83,1,0,1,C
2812,3,84,1,0,1,C
2813,3,85,1,0,1,C
2814,3,86,1,0,1,C
2815,3,87,1,0,1,C
2816,3,88,1,0,1,C
2817,3,89,1,0,1,C
2818,3,90,1,0,1,C
2819,3,91,1,0,1,C
2820,3,92,1,0,1,C
2821,3,93,1,0,1,C
2822,3,94,1,0,1,C
2823,3,95,1,0,1,C
2824,3,96,1,0,1,C
2825,3,97,1,0,1,C
2826,3,98,1,0,1,C
2827,3,99,1,0,1,C
2828,3,100,1,0,1,C
2829,4,0,1,0,1,D
2830,4,1,1,0,1,D
2831,4,2,1,0,1,D
2832,4,3,1,0,1,D
2833,4,4,1,0,1,D
2834,4,5,1,0,1,D
2835,4,6,1,0,1,D
2836,4,7,1,0,1,D
2837,4,8,1,0,1,D
2838,4,9,1,0,1,D
2839,4,10,1,0,1,D
2840,4,11,1,0,1,D
2841,4,12,1,0,1,D
2842,4,13,1,0,1,D
2843,4,14,1,0,1,D
2844,4,15,1,0,1,D
2845,4,16,1,0,1,D
2846,4,17,1,0,1,D
2847,4,18,1,0,1,D
2848,4,19,1,0,1,D
2849,4,20,1,0,1,D
2850,4,21,1,0,1,D
2851,4,22,1,0,1,D
2852,4,23,1,0,1,D
2853,4,24,1,0,1,D
2854,4,25,1,0,1,D
2855,4,26,1,0,1,D
2856,4,27,1,0,1,D
2857,4,28,1,0,1,D
2858,4,29,1,0,1,D
2859,4,30,1,0,1,D
2860,4,31,1,0,1,D
2861,4,32,1,0,1,D
2862,4,33,1,0,1,D
2863,4,34,1,0,1,D
2864,4,35,1,0,1,D
2865,4,36,1,0,1,D
2866,4,37,1,0,1,D
2867,4,38,1,0,1,D
2868,4,39,1,0,1,D
2869,4,40,1,0,1,D
2870,4,41,1,0,1,D
2871,4,42,1,0,1,D
2872,4,43,1,0,1,D
2873,4,44,1,0,1,D
2874,4,45,1,0,1,D
2875,4,46,1,0,1,D
2876,4,47,1,0,1,D
2877,4,48,1,0,1,D
2878,4,49,1,0,1,D
2879,4,50,1,0,1,D
2880,4,51,1,0,1,D
2881,4,52,1,0,1,D
2882,4,53,1,0,1,D
2883,4,54,1,0,1,D
2884,4,55,1,0,1,D
2885,4,56,1,0,1,D
2886,4,57,1,0,1,D
2887,4,58,1,0,1,D
2888,4,59,1,0,1,D
2889,4,60,1,0,1,D
2890,4,61,1,0,1,D
2891,4,62,1,0,1,D
2892,4,63,1,0,1,D
2893,4,64,1,0,1,D
2894,4,65,1,0,1,D
2895,4,66,1,0,1,D
2896,4,67,1,0,1,D
2897,4,68,1,0,1,D
2898,4,69,1,0,1,D
2899,4,70,1,0,1,D
2900,4,71,1,0,1,D
2901,4,72,1,0,1,D
2902,4,73,1,0,1,D
2903,4,74,1,0,1,D
2904,4,75,1,0,1,D
2905,4,76,1,0,1,D
2906,4,77,1,0,1,D
2907,4,78,1,0,1,D
2908,4,79,1,0,1,D
2909,4,80,1,0,1,D
2910,4,81,1,0,1,D
2911,4,82,1,0,1,D
2912,4,83,1,0,1,D
2913,4,84,1,0,1,D
2914,4,85,1,0,1,D
2915,4,86,1,0,1,D
2916,4,87,1,0,1,D
2917,4,88,1,0,1,D
2918,4,89,1,0,1,D
2919,4,90,1,0,1,D
2920,4,91,1,0,1,D
2921,4,92,1,0,1,D
2922,4,93,1,0,1,D
2923,4,94,1,0,1,D
2924,4,95,1,0,1,D
2925,4,96,1,0,1,D
2926,4,97,1,0,1,D
2927,4,98,1,0,1,D
2928,4,99,1,0,1,D
2929,4,100,1,0,1,D
2930,5,0,1,0,1,E
2931,5,1,1,0,1,E
2932,5,2,1,0,1,E
2933,5,3,1,0,1,E
2934,5,4,1,0,1,E
2935,5,5,1,0,1,E
2936,5,6,1,0,1,E
2937,5,7,1,0,1,E
2938,5,8,1,0,1,E
2939,5,9,1,0,1,E
2940,5,10,1,0,1,E
2941,5,11,1,0,1,E
2942,5,12,1,0,1,E
2943,5,13,1,0,1,E
2944,5,14,1,0,1,E
2945,5,15,1,0,1,E
2946,5,16,1,0,1,E
2947,5,17,1,0,1,E
2948,5,18,1,0,1,E
2949,5,19,1,0,1,E
2950,5,20,1,0,1,E
2951,5,21,1,0,1,E
2952,5,22,1,0,1,E
2953,5,23,1,0,1,E
2954,5,24,1,0,1,E
2955,5,25,1,0,1,E
2956,5,26,1,0,1,E
2957,5,27,1,0,1,E
2958,5,28,1,0,1,E
2959,5,29,1,0,1,E
2960,5,30,1,0,1,E
2961,5,31,1,0,1,E
2962,5,32,1,0,1,E
2963,5,33,1,0,1,E
2964,5,34,1,0,1,E
2965,5,35,1,0,1,E
2966,5,36,1,0,1,E
2967,5,37,1,0,1,E
2968,5,38,1,0,1,E
2969,5,39,1,0,1,E
2970,5,40,1,0,1,E
2971,5,41,1,0,1,E
2972,5,42,1,0,1,E
2973,5,43,1,0,1,E
2974,5,44,1,0,1,E
2975,5,45,1,0,1,E
2976,5,46,1,0,1,E
2977,5,47,1,0,1,E
2978,5,48,1,0,1,E
2979,5,49,1,0,1,E
2980,5,50,1,0,1,E
2981,5,51,1,0,1,E
2982,5,52,1,0,1,E
2983,5,53,1,0,1,E
2984,5,54,1,0,1,E
2985,5,55,1,0,1,E
2986,5,56,1,0,1,E
2987,5,57,1,0,1,E
2988,5,58,1,0,1,E
2989,5,59,1,0,1,E
2990,5,60,1,0,1,E
2991,5,61,1,0,1,E
2992,5,62,1,0,1,E
2993,5,63,1,0,1,E
2994,5,64,1,0,1,E
2995,5,65,1,0,1,E
2996,5,66,1,0,1,E
2997,5,67,1,0,1,E
2998,5,68,1,0,1,E
2999,5,69,1,0,1,E
3000,5,70,1,0,1,E
3001,5,71,1,0,1,E
3002,5,72,1,0,1,E
3003,5,73,1,0,1,E
3004,5,74,1,0,1,E
3005,5,75,1,0,1,E
3006,5,76,1,0,1,E
3007,5,77,1,0,1,E
3008,5,78,1,0,1,E
3009,5,79,1,0,1,E
3010,5,80,1,0,1,E
3011,5,81,1,0,1,E
3012,5,82,1,0,1,E
3013,5,83,1,0,1,E
3014,5,84,1,0,1,E
3015,5,85,1,0,1,E
3016,5,86,1,0,1,E
3017,5,87,1,0,1,E
3018,5,88,1,0,1,E
3019,5,89,1,0,1,E
3020,5,90,1,0,1,E
3021,5,91,1,0,1,E
3022,5,92,1,0,1,E
3023,5,93,1,0,1,E
3024,5,94,1,0,1,E
3025,5,95,1,0,1,E
3026,5,96,1,0,1,E
3027,5,97,1,0,1,E
3028,5,98,1,0,1,E
3029,5,99,1,0,1,E
3030,5,100,1,0,1,E
3031,1,0,0,1,1,A
3032,1,1,0,1,1,A
3033,1,2,0,1,1,A
3034,1,3,0,1,1,A
3035,1,4,0,1,1,A
3036,1,5,0,1,1,A
3037,1,6,0,1,1,A
3038,1,7,0,1,1,A
3039,1,8,0,1,1,A
3040,1,9,0,1,1,A
3041,1,10,0,1,1,A
3042,1,11,0,1,1,A
3043,1,12,0,1,1,A
3044,1,13,0,1,1,A
3045,1,14,0,1,1,A
3046,1,15,0,1,1,A
3047,1,16,0,1,1,A
3048,1,17,0,1,1,A
3049,1,18,0,1,1,A
3050,1,19,0,1,1,A
3051,1,20,0,1,1,A
3052,1,21,0,1,1,A
3053,1,22,0,1,1,A
3054,1,23,0,1,1,A
3055,1,24,0,1,1,A
3056,1,25,0,1,1,A
3057,1,26,0,1,1,A
3058,1,27,0,1,1,A
3059,1,28,0,1,1,A
3060,1,29,0,1,1,A
3061,1,30,0,1,1,A
3062,1,31,0,1,1,A
3063,1,32,0,1,1,A
3064,1,33,0,1,1,A
3065,1,34,0,1,1,A
3066,1,35,0,1,1,A
3067,1,36,0,1,1,A
3068,1,37,0,1,1,A
3069,1,38,0,1,1,A
3070,1,39,0,1,1,A
3071,1,40,0,1,1,A
3072,1,41,0,1,1,A
3073,1,42,0,1,1,A
3074,1,43,0,1,1,A
3075,1,44,0,1,1,A
3076,1,45,0,1,1,A
3077,1,46,0,1,1,A
3078,1,47,0,1,1,A
3079,1,48,0,1,1,A
3080,1,49,0,1,1,A
3081,1,50,0,1,1,A
3082,1,51,0,1,1,A
3083,1,52,0,1,1,A
3084,1,53,0,1,1,A
3085,1,54,0,1,1,A
3086,1,55,0,1,1,A
3087,1,56,0,1,1,A
3088,1,57,0,1,1,A
3089,1,58,0,1,1,A
3090,1,59,0,1,1,A
3091,1,60,0,1,1,A
3092,1,61,0,1,1,A
3093,1,62,0,1,1,A
3094,1,63,0,1,1,A
3095,1,64,0,1,1,A
3096,1,65,0,1,1,A
3097,1,66,0,1,1,A
3098,1,67,0,1,1,A
3099,1,68,0,1,1,A
3100,1,69,0,1,1,A
3101,1,70,0,1,1,A
3102,1,71,0,1,1,A
3103,1,72,0,1,1,A
3104,1,73,0,1,1,A
3105,1,74,0,1,1,A
3106,1,75,0,1,1,A
3107,1,76,0,1,1,A
3108,1,77,0,1,1,A
3109,1,78,0,1,1,A
3110,1,79,0,1,1,A
3111,1,80,0,1,1,A
3112,1,81,0,1,1,A
3113,1,82,0,1,1,A
3114,1,83,0,1,1,A
3115,1,84,0,1,1,A
3116,1,85,0,1,1,A
3117,1,86,0,1,1,A
3118,1,87,0,1,1,A
3119,1,88,0,1,1,A
3120,1,89,0,1,1,A
3121,1,90,0,1,1,A
3122,1,91,0,1,1,A
3123,1,92,0,1,1,A
3124,1,93,0,1,1,A
3125,1,94,0,1,1,A
3126,1,95,0,1,1,A
3127,1,96,0,1,1,A
3128,1,97,0,1,1,A
3129,1,98,0,1,1,A
3130,1,99,0,1,1,A
3131,1,100,0,1,1,A
3132,2,0,0,1,1,B
3133,2,1,0,1,1,B
3134,2,2,0,1,1,B
3135,2,3,0,1,1,B
3136,2,4,0,1,1,B
3137,2,5,0,1,1,B
3138,2,6,0,1,1,B
3139,2,7,0,1,1,B
3140,2,8,0,1,1,B
3141,2,9,0,1,1,B
3142,2,10,0,1,1,B
3143,2,11,0,1,1,B
3144,2,12,0,1,1,B
3145,2,13,0,1,1,B
3146,2,14,0,1,1,B
3147,2,15,0,1,1,B
3148,2,16,0,1,1,B
3149,2,17,0,1,1,B
3150,2,18,0,1,1,B
3151,2,19,0,1,1,B
3152,2,20,0,1,1,B
3153,2,21,0,1,1,B
3154,2,22,0,1,1,B
3155,2,23,0,1,1,B
3156,2,24,0,1,1,B
3157,2,25,0,1,1,B
3158,2,26,0,1,1,B
3159,2,27,0,1,1,B
3160,2,28,0,1,1,B
3161,2,29,0,1,1,B
3162,2,30,0,1,1,B
3163,2,31,0,1,1,B
3164,2,32,0,1,1,B
3165,2,33,0,1,1,B
3166,2,34,0,1,1,B
3167,2,35,0,1,1,B
3168,2,36,0,1,1,B
3169,2,37,0,1,1,B
3170,2,38,0,1,1,B
3171,2,39,0,1,1,B
3172,2,40,0,1,1,B
3173,2,41,0,1,1,B
3174,2,42,0,1,1,B
3175,2,43,0,1,1,B
3176,2,44,0,1,1,B
3177,2,45,0,1,1,B
3178,2,46,0,1,1,B
3179,2,47,0,1,1,B
3180,2,48,0,1,1,B
3181,2,49,0,1,1,B
3182,2,50,0,1,1,B
3183,2,51,0,1,1,B
3184,2,52,0,1,1,B
3185,2,53,0,1,1,B
3186,2,54,0,1,1,B
3187,2,55,0,1,1,B
3188,2,56,0,1,1,B
3189,2,57,0,1,1,B
3190,2,58,0,1,1,B
3191,2,59,0,1,1,B
3192,2,60,0,1,1,B
3193,2,61,0,1,1,B
3194,2,62,0,1,1,B
3195,2,63,0,1,1,B
3196,2,64,0,1,1,B
3197,2,65,0,1,1,B
3198,2,66,0,1,1,B
3199,2,67,0,1,1,B
3200,2,68,0,1,1,B
3201,2,69,0,1,1,B
3202,2,70,0,1,1,B
3203,2,71,0,1,1,B
3204,2,72,0,1,1,B
3205,2,73,0,1,1,B
3206,2,74,0,1,1,B
3207,2,75,0,1,1,B
3208,2,76,0,1,1,B
3209,2,77,0,1,1,B
3210,2,78,0,1,1,B
3211,2,79,0,1,1,B
3212,2,80,0,1,1,B
3213,2,81,0,1,1,B
3214,2,82,0,1,1,B
3215,2,83,0,1,1,B
3216,2,84,0,1,1,B
3217,2,85,0,1,1,B
3218,2,86,0,1,1,B
3219,2,87,0,1,1,B
3220,2,88,0,1,1,B
3221,2,89,0,1,1,B
3222,2,90,0,1,1,B
3223,2,91,0,1,1,B
3224,2,92,0,1,1,B
3225,2,93,0,1,1,B
3226,2,94,0,1,1,B
3227,2,95,0,1,1,B
3228,2,96,0,1,1,B
3229,2,97,0,1,1,B
3230,2,98,0,1,1,B
3231,2,99,0,1,1,B
3232,2,100,0,1,1,B
3233,3,0,0,1,1,C
3234,3,1,0,1,1,C
3235,3,2,0,1,1,C
3236,3,3,0,1,1,C
3237,3,4,0,1,1,C
3238,3,5,0,1,1,C
3239,3,6,0,1,1,C
3240,3,7,0,1,1,C
3241,3,8,0,1,1,C
3242,3,9,0,1,1,C
3243,3,10,0,1,1,C
3244,3,11,0,1,1,C
3245,3,12,0,1,1,C
3246,3,13,0,1,1,C
3247,3,14,0,1,1,C
3248,3,15,0,1,1,C
3249,3,16,0,1,1,C
3250,3,17,0,1,1,C
3251,3,18,0,1,1,C
3252,3,19,0,1,1,C
3253,3,20,0,1,1,C
3254,3,21,0,1,1,C
3255,3,22,0,1,1,C
3256,3,23,0,1,1,C
3257,3,24,0,1,1,C
3258,3,25,0,1,1,C
3259,3,26,0,1,1,C
3260,3,27,0,1,1,C
3261,3,28,0,1,1,C
3262,3,29,0,1,1,C
3263,3,30,0,1,1,C
3264,3,31,0,1,1,C
3265,3,32,0,1,1,C
3266,3,33,0,1,1,C
3267,3,34,0,1,1,C
3268,3,35,0,1,1,C
3269,3,36,0,1,1,C
3270,3,37,0,1,1,C
3271,3,38,0,1,1,C
3272,3,39,0,1,1,C
3273,3,40,0,1,1,C
3274,3,41,0,1,1,C
3275,3,42,0,1,1,C
3276,3,43,0,1,1,C
3277,3,44,0,1,1,C
3278,3,45,0,1,1,C
3279,3,46,0,1,1,C
3280,3,47,0,1,1,C
3281,3,48,0,1,1,C
3282,3,49,0,1,1,C
3283,3,50,0,1,1,C
3284,3,51,0,1,1,C
3285,3,52,0,1,1,C
3286,3,53,0,1,1,C
3287,3,54,0,1,1,C
3288,3,55,0,1,1,C
3289,3,56,0,1,1,C
3290,3,57,0,1,1,C
3291,3,58,0,1,1,C
3292,3,59,0,1,1,C
3293,3,60,0,1,1,C
3294,3,61,0,1,1,C
3295,3,62,0,1,1,C
3296,3,63,0,1,1,C
3297,3,64,0,1,1,C
3298,3,65,0,1,1,C
3299,3,66,0,1,1,C
3300,3,67,0,1,1,C
3301,3,68,0,1,1,C
3302,3,69,0,1,1,C
3303,3,70,0,1,1,C
3304,3,71,0,1,1,C
3305,3,72,0,1,1,C
3306,3,73,0,1,1,C
3307,3,74,0,1,1,C
3308,3,75,0,1,1,C
3309,3,76,0,1,1,C
3310,3,77,0,1,1,C
3311,3,78,0,1,1,C
3312,3,79,0,1,1,C
3313,3,80,0,1,1,C
3314,3,81,0,1,1,C
3315,3,82,0,1,1,C
3316,3,83,0,1,1,C
3317,3,84,0,1,1,C
3318,3,85,0,1,1,C
3319,3,86,0,1,1,C
3320,3,87,0,1,1,C
3321,3,88,0,1,1,C
3322,3,89,0,1,1,C
3323,3,90,0,1,1,C
3324,3,91,0,1,1,C
3325,3,92,0,1,1,C
3326,3,93,0,1,1,C
3327,3,94,0,1,1,C
3328,3,95,0,1,1,C
3329,3,96,0,1,1,C
3330,3,97,0,1,1,C
3331,3,98,0,1,1,C
3332,3,99,0,1,1,C
3333,3,100,0,1,1,C
3334,4,0,0,1,1,D
3335,4,1,0,1,1,D
3336,4,2,0,1,1,D
3337,4,3,0,1,1,D
3338,4,4,0,1,1,D
3339,4,5,0,1,1,D
3340,4,6,0,1,1,D
3341,4,7,0,1,1,D
3342,4,8,0,1,1,D
3343,4,9,0,1,1,D
3344,4,10,0,1,1,D
3345,4,11,0,1,1,D
3346,4,12,0,1,1,D
3347,4,13,0,1,1,D
3348,4,14,0,1,1,D
3349,4,15,0,1,1,D
3350,4,16,0,1,1,D
3351,4,17,0,1,1,D
3352,4,18,0,1,1,D
3353,4,19,0,1,1,D
3354,4,20,0,1,1,D
3355,4,21,0,1,1,D
3356,4,22,0,1,1,D
3357,4,23,0,1,1,D
3358,4,24,0,1,1,D
3359,4,25,0,1,1,D
3360,4,26,0,1,1,D
3361,4,27,0,1,1,D
3362,4,28,0,1,1,D
3363,4,29,0,1,1,D
3364,4,30,0,1,1,D
3365,4,31,0,1,1,D
3366,4,32,0,1,1,D
3367,4,33,0,1,1,D
3368,4,34,0,1,1,D
3369,4,35,0,1,1,D
3370,4,36,0,1,1,D
3371,4,37,0,1,1,D
3372,4,38,0,1,1,D
3373,4,39,0,1,1,D
3374,4,40,0,1,1,D
3375,4,41,0,1,1,D
3376,4,42,0,1,1,D
3377,4,43,0,1,1,D
3378,4,44,0,1,1,D
3379,4,45,0,1,1,D
3380,4,46,0,1,1,D
3381,4,47,0,1,1,D
3382,4,48,0,1,1,D
3383,4,49,0,1,1,D
3384,4,50,0,1,1,D
3385,4,51,0,1,1,D
3386,4,52,0,1,1,D
3387,4,53,0,1,1,D
3388,4,54,0,1,1,D
3389,4,55,0,1,1,D
3390,4,56,0,1,1,D
3391,4,57,0,1,1,D
3392,4,58,0,1,1,D
3393,4,59,0,1,1,D
3394,4,60,0,1,1,D
3395,4,61,0,1,1,D
3396,4,62,0,1,1,D
3397,4,63,0,1,1,D
3398,4,64,0,1,1,D
3399,4,65,0,1,1,D
3400,4,66,0,1,1,D
3401,4,67,0,1,1,D
3402,4,68,0,1,1,D
3403,4,69,0,1,1,D
3404,4,70,0,1,1,D
3405,4,71,0,1,1,D
3406,4,72,0,1,1,D
3407,4,73,0,1,1,D
3408,4,74,0,1,1,D
3409,4,75,0,1,1,D
3410,4,76,0,1,1,D
3411,4,77,0,1,1,D
3412,4,78,0,1,1,D
3413,4,79,0,1,1,D
3414,4,80,0,1,1,D
3415,4,81,0,1,1,D
3416,4,82,0,1,1,D
3417,4,83,0,1,1,D
3418,4,84,0,1,1,D
3419,4,85,0,1,1,D
3420,4,86,0,1,1,D
3421,4,87,0,1,1,D
3422,4,88,0,1,1,D
3423,4,89,0,1,1,D
3424,4,90,0,1,1,D
3425,4,91,0,1,1,D
3426,4,92,0,1,1,D
3427,4,93,0,1,1,D
3428,4,94,0,1,1,D
3429,4,95,0,1,1,D
3430,4,96,0,1,1,D
3431,4,97,0,1,1,D
3432,4,98,0,1,1,D
3433,4,99,0,1,1,D
3434,4,100,0,1,1,D
3435,5,0,0,1,1,E
3436,5,1,0,1,1,E
3437,5,2,0,1,1,E
3438,5,3,0,1,1,E
3439,5,4,0,1,1,E
3440,5,5,0,1,1,E
3441,5,6,0,1,1,E
3442,5,7,0,1,1,E
3443,5,8,0,1,1,E
3444,5,9,0,1,1,E
3445,5,10,0,1,1,E
3446,5,11,0,1,1,E
3447,5,12,0,1,1,E
3448,5,13,0,1,1,E
3449,5,14,0,1,1,E
3450,5,15,0,1,1,E
3451,5,16,0,1,1,E
3452,5,17,0,1,1,E
3453,5,18,0,1,1,E
3454,5,19,0,1,1,E
3455,5,20,0,1,1,E
3456,5,21,0,1,1,E
3457,5,22,0,1,1,E
3458,5,23,0,1,1,E
3459,5,24,0,1,1,E
3460,5,25,0,1,1,E
3461,5,26,0,1,1,E
3462,5,27,0,1,1,E
3463,5,28,0,1,1,E
3464,5,29,0,1,1,E
3465,5,30,0,1,1,E
3466,5,31,0,1,1,E
3467,5,32,0,1,1,E
3468,5,33,0,1,1,E
3469,5,34,0,1,1,E
3470,5,35,0,1,1,E
3471,5,36,0,1,1,E
3472,5,37,0,1,1,E
3473,5,38,0,1,1,E
3474,5,39,0,1,1,E
3475,5,40,0,1,1,E
3476,5,41,0,1,1,E
3477,5,42,0,1,1,E
3478,5,43,0,1,1,E
3479,5,44,0,1,1,E
3480,5,45,0,1,1,E
3481,5,46,0,1,1,E
3482,5,47,0,1,1,E
3483,5,48,0,1,1,E
3484,5,49,0,1,1,E
3485,5,50,0,1,1,E
3486,5,51,0,1,1,E
3487,5,52,0,1,1,E
3488,5,53,0,1,1,E
3489,5,54,0,1,1,E
3490,5,55,0,1,1,E
3491,5,56,0,1,1,E
3492,5,57,0,1,1,E
3493,5,58,0,1,1,E
3494,5,59,0,1,1,E
3495,5,60,0,1,1,E
3496,5,61,0,1,1,E
3497,5,62,0,1,1,E
3498,5,63,0,1,1,E
3499,5,64,0,1,1,E
3500,5,65,0,1,1,E
3501,5,66,0,1,1,E
3502,5,67,0,1,1,E
3503,5,68,0,1,1,E
3504,5,69,0,1,1,E
3505,5,70,0,1,1,E
3506,5,71,0,1,1,E
3507,5,72,0,1,1,E
3508,5,73,0,1,1,E
3509,5,74,0,1,1,E
3510,5,75,0,1,1,E
3511,5,76,0,1,1,E
3512,5,77,0,1,1,E
3513,5,78,0,1,1,E
3514,5,79,0,1,1,E
3515,5,80,0,1,1,E
3516,5,81,0,1,1,E
3517,5,82,0,1,1,E
3518,5,83,0,1,1,E
3519,5,84,0,1,1,E
3520,5,85,0,1,1,E
3521,5,86,0,1,1,E
3522,5,87,0,1,1,E
3523,5,88,0,1,1,E
3524,5,89,0,1,1,E
3525,5,90,0,1,1,E
3526,5,91,0,1,1,E
3527,5,92,0,1,1,E
3528,5,93,0,1,1,E
3529,5,94,0,1,1,E
3530,5,95,0,1,1,E
3531,5,96,0,1,1,E
3532,5,97,0,1,1,E
3533,5,98,0,1,1,E
3534,5,99,0,1,1,E
3535,5,100,0,1,1,E
3536,1,0,1,1,1,A
3537,1,1,1,1,1,A
3538,1,2,1,1,1,A
3539,1,3,1,1,1,A
3540,1,4,1,1,1,A
3541,1,5,1,1,1,A
3542,1,6,1,1,1,A
3543,1,7,1,1,1,A
3544,1,8,1,1,1,A
3545,1,9,1,1,1,A
3546,1,10,1,1,1,A
3547,1,11,1,1,1,A
3548,1,12,1,1,1,A
3549,1,13,1,1,1,A
3550,1,14,1,1,1,A
3551,1,15,1,1,1,A
3552,1,16,1,1,1,A
3553,1,17,1,1,1,A
3554,1,18,1,1,1,A
3555,1,19,1,1,1,A
3556,1,20,1,1,1,A
3557,1,21,1,1,1,A
3558,1,22,1,1,1,A
3559,1,23,1,1,1,A
3560,1,24,1,1,1,A
3561,1,25,1,1,1,A
3562,1,26,1,1,1,A
3563,1,27,1,1,1,A
3564,1,28,1,1,1,A
3565,1,29,1,1,1,A
3566,1,30,1,1,1,A
3567,1,31,1,1,1,A
3568,1,32,1,1,1,A
3569,1,33,1,1,1,A
3570,1,34,1,1,1,A
3571,1,35,1,1,1,A
3572,1,36,1,1,1,A
3573,1,37,1,1,1,A
3574,1,38,1,1,1,A
3575,1,39,1,1,1,A
3576,1,40,1,1,1,A
3577,1,41,1,1,1,A
3578,1,42,1,1,1,A
3579,1,43,1,1,1,A
3580,1,44,1,1,1,A
3581,1,45,1,1,1,A
3582,1,46,1,1,1,A
3583,1,47,1,1,1,A
3584,1,48,1,1,1,A
3585,1,49,1,1,1,A
3586,1,50,1,1,1,A
3587,1,51,1,1,1,A
3588,1,52,1,1,1,A
3589,1,53,1,1,1,A
3590,1,54,1,1,1,A
3591,1,55,1,1,1,A
3592,1,56,1,1,1,A
3593,1,57,1,1,1,A
3594,1,58,1,1,1,A
3595,1,59,1,1,1,A
3596,1,60,1,1,1,A
3597,1,61,1,1,1,A
3598,1,62,1,1,1,A
3599,1,63,1,1,1,A
3600,1,64,1,1,1,A
3601,1,65,1,1,1,A
3602,1,66,1,1,1,A
3603,1,67,1,1,1,A
3604,1,68,1,1,1,A
3605,1,69,1,1,1,A
3606,1,70,1,1,1,A
3607,1,71,1,1,1,A
3608,1,72,1,1,1,A
3609,1,73,1,1,1,A
3610,1,74,1,1,1,A
3611,1,75,1,1,1,A
3612,1,76,1,1,1,A
3613,1,77,1,1,1,A
3614,1,78,1,1,1,A
3615,1,79,1,1,1,A
3616,1,80,1,1,1,A
3617,1,81,1,1,1,A
3618,1,82,1,1,1,A
3619,1,83,1,1,1,A
3620,1,84,1,1,1,A
3621,1,85,1,1,1,A
3622,1,86,1,1,1,A
3623,1,87,1,1,1,A
3624,1,88,1,1,1,A
3625,1,89,1,1,1,A
3626,1,90,1,1,1,A
3627,1,91,1,1,1,A
3628,1,92,1,1,1,A
3629,1,93,1,1,1,A
3630,1,94,1,1,1,A
3631,1,95,1,1,1,A
3632,1,96,1,1,1,A
3633,1,97,1,1,1,A
3634,1,98,1,1,1,A
3635,1,99,1,1,1,A
3636,1,100,1,1,1,A
3637,2,0,1,1,1,B
3638,2,1,1,1,1,B
3639,2,2,1,1,1,B
3640,2,3,1,1,1,B
3641,2,4,1,1,1,B
3642,2,5,1,1,1,B
3643,2,6,1,1,1,B
3644,2,7,1,1,1,B
3645,2,8,1,1,1,B
3646,2,9,1,1,1,B
3647,2,10,1,1,1,B
3648,2,11,1,1,1,B
3649,2,12,1,1,1,B
3650,2,13,1,1,1,B
3651,2,14,1,1,1,B
3652,2,15,1,1,1,B
3653,2,16,1,1,1,B
3654,2,17,1,1,1,B
3655,2,18,1,1,1,B
3656,2,19,1,1,1,B
3657,2,20,1,1,1,B
3658,2,21,1,1,1,B
3659,2,22,1,1,1,B
3660,2,23,1,1,1,B
3661,2,24,1,1,1,B
3662,2,25,1,1,1,B
3663,2,26,1,1,1,B
3664,2,27,1,1,1,B
3665,2,28,1,1,1,B
3666,2,29,1,1,1,B
3667,2,30,1,1,1,B
3668,2,31,1,1,1,B
3669,2,32,1,1,1,B
3670,2,33,1,1,1,B
3671,2,34,1,1,1,B
3672,2,35,1,1,1,B
3673,2,36,1,1,1,B
3674,2,37,1,1,1,B
3675,2,38,1,1,1,B
3676,2,39,1,1,1,B
3677,2,40,1,1,1,B
3678,2,41,1,1,1,B
3679,2,42,1,1,1,B
3680,2,43,1,1,1,B
3681,2,44,1,1,1,B
3682,2,45,1,1,1,B
3683,2,46,1,1,1,B
3684,2,47,1,1,1,B
3685,2,48,1,1,1,B
3686,2,49,1,1,1,B
3687,2,50,1,1,1,B
3688,2,51,1,1,1,B
3689,2,52,1,1,1,B
3690,2,53,1,1,1,B
3691,2,54,1,1,1,B
3692,2,55,1,1,1,B
3693,2,56,1,1,1,B
3694,2,57,1,1,1,B
3695,2,58,1,1,1,B
3696,2,59,1,1,1,B
3697,2,60,1,1,1,B
3698,2,61,1,1,1,B
3699,2,62,1,1,1,B
3700,2,63,1,1,1,B
3701,2,64,1,1,1,B
3702,2,65,1,1,1,B
3703,2,66,1,1,1,B
3704,2,67,1,1,1,B
3705,2,68,1,1,1,B
3706,2,69,1,1,1,B
3707,2,70,1,1,1,B
3708,2,71,1,1,1,B
3709,2,72,1,1,1,B
3710,2,73,1,1,1,B
3711,2,74,1,1,1,B
3712,2,75,1,1,1,B
3713,2,76,1,1,1,B
3714,2,77,1,1,1,B
3715,2,78,1,1,1,B
3716,2,79,1,1,1,B
3717,2,80,1,1,1,B
3718,2,81,1,1,1,B
3719,2,82,1,1,1,B
3720,2,83,1,1,1,B
3721,2,84,1,1,1,B
3722,2,85,1,1,1,B
3723,2,86,1,1,1,B
3724,2,87,1,1,1,B
3725,2,88,1,1,1,B
3726,2,89,1,1,1,B
3727,2,90,1,1,1,B
3728,2,91,1,1,1,B
3729,2,92,1,1,1,B
3730,2,93,1,1,1,B
3731,2,94,1,1,1,B
3732,2,95,1,1,1,B
3733,2,96,1,1,1,B
3734,2,97,1,1,1,B
3735,2,98,1,1,1,B
3736,2,99,1,1,1,B
3737,2,100,1,1,1,B
3738,3,0,1,1,1,C
3739,3,1,1,1,1,C
3740,3,2,1,1,1,C
3741,3,3,1,1,1,C
3742,3,4,1,1,1,C
3743,3,5,1,1,1,C
3744,3,6,1,1,1,C
3745,3,7,1,1,1,C
3746,3,8,1,1,1,C
3747,3,9,1,1,1,C
3748,3,10,1,1,1,C
3749,3,11,1,1,1,C
3750,3,12,1,1,1,C
3751,3,13,1,1,1,C
3752,3,14,1,1,1,C
3753,3,15,1,1,1,C
3754,3,16,1,1,1,C
3755,3,17,1,1,1,C
3756,3,18,1,1,1,C
3757,3,19,1,1,1,C
3758,3,20,1,1,1,C
3759,3,21,1,1,1,C
3760,3,22,1,1,1,C
3761,3,23,1,1,1,C
3762,3,24,1,1,1,C
3763,3,25,1,1,1,C
3764,3,26,1,1,1,C
3765,3,27,1,1,1,C
3766,3,28,1,1,1,C
3767,3,29,1,1,1,C
3768,3,30,1,1,1,C
3769,3,31,1,1,1,C
3770,3,32,1,1,1,C
3771,3,33,1,1,1,C
3772,3,34,1,1,1,C
3773,3,35,1,1,1,C
3774,3,36,1,1,1,C
3775,3,37,1,1,1,C
3776,3,38,1,1,1,C
3777,3,39,1,1,1,C
3778,3,40,1,1,1,C
3779,3,41,1,1,1,C
3780,3,42,1,1,1,C
3781,3,43,1,1,1,C
3782,3,44,1,1,1,C
3783,3,45,1,1,1,C
3784,3,46,1,1,1,C
3785,3,47,1,1,1,C
3786,3,48,1,1,1,C
3787,3,49,1,1,1,C
3788,3,50,1,1,1,C
3789,3,51,1,1,1,C
3790,3,52,1,1,1,C
3791,3,53,1,1,1,C
3792,3,54,1,1,1,C
3793,3,55,1,1,1,C
3794,3,56,1,1,1,C
3795,3,57,1,1,1,C
3796,3,58,1,1,1,C
3797,3,59,1,1,1,C
3798,3,60,1,1,1,C
3799,3,61,1,1,1,C
3800,3,62,1,1,1,C
3801,3,63,1,1,1,C
3802,3,64,1,1,1,C
3803,3,65,1,1,1,C
3804,3,66,1,1,1,C
3805,3,67,1,1,1,C
3806,3,68,1,1,1,C
3807,3,69,1,1,1,C
3808,3,70,1,1,1,C
3809,3,71,1,1,1,C
3810,3,72,1,1,1,C
3811,3,73,1,1,1,C
3812,3,74,1,1,1,C
3813,3,75,1,1,1,C
3814,3,76,1,1,1,C
3815,3,77,1,1,1,C
3816,3,78,1,1,1,C
3817,3,79,1,1,1,C
3818,3,80,1,1,1,C
3819,3,81,1,1,1,C
3820,3,82,1,1,1,C
3821,3,83,1,1,1,C
3822,3,84,1,1,1,C
3823,3,85,1,1,1,C
3824,3,86,1,1,1,C
3825,3,87,1,1,1,C
3826,3,88,1,1,1,C
3827,3,89,1,1,1,C
3828,3,90,1,1,1,C
3829,3,91,1,1,1,C
3830,3,92,1,1,1,C
3831,3,93,1,1,1,C
3832,3,94,1,1,1,C
3833,3,95,1,1,1,C
3834,3,96,1,1,1,C
3835,3,97,1,1,1,C
3836,3,98,1,1,1,C
3837,3,99,1,1,1,C
3838,3,100,1,1,1,C
3839,4,0,1,1,1,D
3840,4,1,1,1,1,D
3841,4,2,1,1,1,D
3842,4,3,1,1,1,D
3843,4,4,1,1,1,D
3844,4,5,1,1,1,D
3845,4,6,1,1,1,D
3846,4,7,1,1,1,D
3847,4,8,1,1,1,D
3848,4,9,1,1,1,D
3849,4,10,1,1,1,D
3850,4,11,1,1,1,D
3851,4,12,1,1,1,D
3852,4,13,1,1,1,D
3853,4,14,1,1,1,D
3854,4,15,1,1,1,D
3855,4,16,1,1,1,D
3856,4,17,1,1,1,D
3857,4,18,1,1,1,D
3858,4,19,1,1,1,D
3859,4,20,1,1,1,D
3860,4,21,1,1,1,D
3861,4,22,1,1,1,D
3862,4,23,1,1,1,D
3863,4,24,1,1,1,D
3864,4,25,1,1,1,D
3865,4,26,1,1,1,D
3866,4,27,1,1,1,D
3867,4,28,1,1,1,D
3868,4,29,1,1,1,D
3869,4,30,1,1,1,D
3870,4,31,1,1,1,D
3871,4,32,1,1,1,D
3872,4,33,1,1,1,D
3873,4,34,1,1,1,D
3874,4,35,1,1,1,D
3875,4,36,1,1,1,D
3876,4,37,1,1,1,D
3877,4,38,1,1,1,D
3878,4,39,1,1,1,D
3879,4,40,1,1,1,D
3880,4,41,1,1,1,D
3881,4,42,1,1,1,D
3882,4,43,1,1,1,D
3883,4,44,1,1,1,D
3884,4,45,1,1,1,D
3885,4,46,1,1,1,D
3886,4,47,1,1,1,D
3887,4,48,1,1,1,D
3888,4,49,1,1,1,D
3889,4,50,1,1,1,D
3890,4,51,1,1,1,D
3891,4,52,1,1,1,D
3892,4,53,1,1,1,D
3893,4,54,1,1,1,D
3894,4,55,1,1,1,D
3895,4,56,1,1,1,D
3896,4,57,1,1,1,D
3897,4,58,1,1,1,D
3898,4,59,1,1,1,D
3899,4,60,1,1,1,D
3900,4,61,1,1,1,D
3901,4,62,1,1,1,D
3902,4,63,1,1,1,D
3903,4,64,1,1,1,D
3904,4,65,1,1,1,D
3905,4,66,1,1,1,D
3906,4,67,1,1,1,D
3907,4,68,1,1,1,D
3908,4,69,1,1,1,D
3909,4,70,1,1,1,D
3910,4,71,1,1,1,D
3911,4,72,1,1,1,D
3912,4,73,1,1,1,D
3913,4,74,1,1,1,D
3914,4,75,1,1,1,D
3915,4,76,1,1,1,D
3916,4,77,1,1,1,D
3917,4,78,1,1,1,D
3918,4,79,1,1,1,D
3919,4,80,1,1,1,D
3920,4,81,1,1,1,D
3921,4,82,1,1,1,D
3922,4,83,1,1,1,D
3923,4,84,1,1,1,D
3924,4,85,1,1,1,D
3925,4,86,1,1,1,D
3926,4,87,1,1,1,D
3927,4,88,1,1,1,D
3928,4,89,1,1,1,D
3929,4,90,1,1,1,D
3930,4,91,1,1,1,D
3931,4,92,1,1,1,D
3932,4,93,1,1,1,D
3933,4,94,1,1,1,D
3934,4,95,1,1,1,D
3935,4,96,1,1,1,D
3936,4,97,1,1,1,D
3937,4,98,1,1,1,D
3938,4,99,1,1,1,D
3939,4,100,1,1,1,D
3940,5,0,1,1,1,E
3941,5,1,1,1,1,E
3942,5,2,1,1,1,E
3943,5,3,1,1,1,E
3944,5,4,1,1,1,E
3945,5,5,1,1,1,E
3946,5,6,1,1,1,E
3947,5,7,1,1,1,E
3948,5,8,1,1,1,E
3949,5,9,1,1,1,E
3950,5,10,1,1,1,E
3951,5,11,1,1,1,E
3952,5,12,1,1,1,E
3953,5,13,1,1,1,E
3954,5,14,1,1,1,E
3955,5,15,1,1,1,E
3956,5,16,1,1,1,E
3957,5,17,1,1,1,E
3958,5,18,1,1,1,E
3959,5,19,1,1,1,E
3960,5,20,1,1,1,E
3961,5,21,1,1,1,E
3962,5,22,1,1,1,E
3963,5,23,1,1,1,E
3964,5,24,1,1,1,E
3965,5,25,1,1,1,E
3966,5,26,1,1,1,E
3967,5,27,1,1,1,E
3968,5,28,1,1,1,E
3969,5,29,1,1,1,E
3970,5,30,1,1,1,E
3971,5,31,1,1,1,E
3972,5,32,1,1,1,E
3973,5,33,1,1,1,E
3974,5,34,1,1,1,E
3975,5,35,1,1,1,E
3976,5,36,1,1,1,E
3977,5,37,1,1,1,E
3978,5,38,1,1,1,E
3979,5,39,1,1,1,E
3980,5,40,1,1,1,E
3981,5,41,1,1,1,E
3982,5,42,1,1,1,E
3983,5,43,1,1,1,E
3984,5,44,1,1,1,E
3985,5,45,1,1,1,E
3986,5,46,1,1,1,E
3987,5,47,1,1,1,E
3988,5,48,1,1,1,E
3989,5,49,1,1,1,E
3990,5,50,1,1,1,E
3991,5,51,1,1,1,E
3992,5,52,1,1,1,E
3993,5,53,1,1,1,E
3994,5,54,1,1,1,E
3995,5,55,1,1,1,E
3996,5,56,1,1,1,E
3997,5,57,1,1,1,E
3998,5,58,1,1,1,E
3999,5,59,1,1,1,E
4000,5,60,1,1,1,E
4001,5,61,1,1,1,E
4002,5,62,1,1,1,E
4003,5,63,1,1,1,E
4004,5,64,1,1,1,E
4005,5,65,1,1,1,E
4006,5,66,1,1,1,E
4007,5,67,1,1,1,E
4008,5,68,1,1,1,E
4009,5,69,1,1,1,E
4010,5,70,1,1,1,E
4011,5,71,1,1,1,E
4012,5,72,1,1,1,E
4013,5,73,1,1,1,E
4014,5,74,1,1,1,E
4015,5,75,1,1,1,E
4016,5,76,1,1,1,E
4017,5,77,1,1,1,E
4018,5,78,1,1,1,E
4019,5,79,1,1,1,E
4020,5,80,1,1,1,E
4021,5,81,1,1,1,E
4022,5,82,1,1,1,E
4023,5,83,1,1,1,E
4024,5,84,1,1,1,E
4025,5,85,1,1,1,E
4026,5,86,1,1,1,E
4027,5,87,1,1,1,E
4028,5,88,1,1,1,E
4029,5,89,1,1,1,E
4030,5,90,1,1,1,E
4031,5,91,1,1,1,E
4032,5,92,1,1,1,E
4033,5,93,1,1,1,E
4034,5,94,1,1,1,E
4035,5,95,1,1,1,E
4036,5,96,1,1,1,E
4037,5,97,1,1,1,E
4038,5,98,1,1,1,E
4039,5,99,1,1,1,E
4040,5,100,1,1,1,E
4041,1,87,0,1,1,A
4042,2,57,0,1,1,B
4043,2,89,0,1,1,B
4044,2,81,0,1,1,B
4045,2,70,0,1,1,B
4046,2,86,0,1,1,B
4047,2,79,0,1,1,B
4048,2,87,0,1,1,B
4049,3,68,0,1,1,C
4050,2,83,0,1,1,B
4051,2,67,0,1,1,B
4052,2,82,0,1,1,B
4053,3,82,0,1,1,C
4054,3,85,0,1,1,C
4055,3,88,0,1,1,C
4056,2,85,0,1,1,B
4057,3,85,0,1,1,C
4058,4,60,0,0,1,D
4059,2,92,0,0,1,B
4060,2,69,0,1,1,B
4061,2,71,0,1,1,B
4062,3,77,0,1,1,C
4063,3,68,0,1,1,C
4064,3,67,0,0,1,C
4065,3,62,0,1,1,C
4066,4,50,0,1,1,D
4067,2,79,0,0,1,B
4068,3,50,0,1,1,C
4069,3,45,0,1,1,C
4070,3,68,0,1,1,C
4071,3,37,0,1,1,C
4072,4,65,0,1,1,D
4073,3,85,0,1,1,C
4074,3,74,0,1,1,C
4075,2,32,0,0,1,B
4076,4,79,0,1,1,D
4077,3,79,0,1,1,C
4078,3,57,0,1,1,C
4079,3,77,0,1,1,C
4080,4,55,0,1,1,D
4081,3,49,0,1,1,C
4082,3,55,0,1,1,C
4083,3,43,0,1,1,C
4084,2,76,0,1,1,B
4085,4,71,0,1,1,D
4086,3,43,0,1,1,C
4087,3,35,0,1,1,C
4088,3,68,0,1,1,C
4089,3,45,0,1,1,C
4090,3,49,0,1,1,C
4091,3,40,0,1,1,C
4092,3,61,0,1,1,C
4093,3,37,0,1,1,C
4094,4,58,0,1,1,D
4095,4,30,0,1,1,D
4096,4,48,0,1,1,D
4097,4,48,0,0,1,D
4098,4,49,0,1,1,D
4099,4,18,0,1,1,D
4100,4,17,0,0,1,D
4101,4,7,0,1,1,D
4102,3,62,0,1,1,C
4103,4,17,0,1,1,D
4104,4,68,0,1,1,D
4105,4,29,0,1,1,D
4106,4,29,0,0,1,D
4107,1,69,0,0,1,A
4108,1,30,0,0,1,D
4109,1,30,0,0,1,D
4110,1,70,0,0,1,D
4111,1,31,0,0,1,D
4112,1,31,0,0,1,E
4113,1,71,0,0,1,D
4114,1,32,0,0,1,D
4115,4,32,0,0,1,D
4116,3,72,0,0,1,D
4117,3,33,0,0,1,E
4118,2,33,0,0,1,D
4119,4,73,0,0,1,D
4120,3,34,0,0,1,D
4121,3,34,0,0,1,D
4122,3,74,0,0,1,E
4123,4,35,0,0,1,D
4124,3,35,0,0,1,D
4125,3,75,0,0,1,D
4126,3,36,0,0,1,D
4127,2,36,0,0,1,E
4128,4,76,0,0,1,D
4129,3,37,0,0,1,D
4130,3,37,0,0,1,D
4131,3,77,0,0,1,D
4132,3,38,0,0,1,C
4133,3,38,0,0,1,D
4134,3,78,0,0,1,D
4135,3,39,0,0,1,D
4136,3,39,0,0,1,D
4137,4,79,0,0,1,B
4138,4,40,0,0,1,D
4139,4,40,0,0,1,D
4140,4,80,0,0,1,D
4141,4,41,0,0,1,D
4142,4,41,0,0,1,A
4143,1,81,0,0,1,D
4144,1,42,0,0,1,D
4145,1,42,0,0,1,D
4146,1,82,0,0,1,D
4147,1,43,0,0,1,A
4148,1,43,0,0,1,D
4149,1,83,0,0,1,D
4150,1,44,0,0,1,D
4151,1,44,0,0,1,D
4152,1,84,0,0,1,B
4153,1,45,0,0,1,D
4154,1,45,0,0,1,D
4155,1,85,0,0,1,D
4156,1,46,0,0,1,D
4157,1,46,0,0,1,B
4158,1,86,0,0,1,D
4159,1,47,0,0,1,D
4160,1,47,0,0,1,D
4161,1,87,0,0,1,D
4162,1,48,0,0,1,C
4163,1,48,0,0,1,D
4164,1,88,0,0,1,D
4165,1,49,0,0,1,D
4166,1,49,0,0,1,D
4167,1,89,0,0,1,C
4168,1,50,0,0,1,D
4169,1,50,0,0,1,D
4170,1,90,0,0,1,D
4171,1,51,0,0,1,D
4172,1,51,0,0,1,C
4173,1,91,0,0,1,D
4174,1,52,0,0,1,D
4175,1,52,0,0,1,D
4176,1,92,0,0,1,D
4177,1,53,0,0,1,C
4178,1,53,0,0,1,D
4179,1,93,0,0,1,D
4180,1,54,0,0,1,D
4181,1,54,0,0,1,D
4182,4,29,1,1,1,A
4183,5,30,1,1,1,A
4184,4,31,1,1,1,A
4185,5,32,1,1,1,A
4186,2,33,1,1,1,A
4187,2,34,1,1,1,A
4188,2,35,1,1,1,A
4189,2,36,1,1,1,A
4190,2,37,1,1,1,A
4191,2,38,1,1,1,A
4192,2,39,1,1,1,A
4193,2,40,1,1,1,A
4194,2,41,1,1,1,A
4195,2,42,1,1,1,A
4196,2,43,1,1,1,A
4197,3,44,1,1,1,A
4198,3,45,1,1,1,A
4199,3,46,1,1,1,A
4200,3,47,1,1,1,A
